id,nombre,direccion,RFC,DNI,estado,cargo,codigo
06-865-2780,Gus,3 Cordelia Way,3223628770,j7IElDOeVE,F,Statistician III,6964892192
50-428-5439,Milli,7577 Katie Lane,6155670757,gGD976N,F,Budget/Accounting Analyst IV,3856286411
32-191-9013,Zola,612 Bluejay Hill,3308590980,TzNb6v,F,Electrical Engineer,4209167185
61-928-1085,Nert,1 Maywood Pass,7481830584,ZyF4oDq,F,Computer Systems Analyst I,534924182
37-032-2624,Lanette,952 School Lane,5201752659,li1jsiCDAdW,F,Software Consultant,9350743159
24-117-2885,Thibaut,1 Fairfield Place,9661309876,qVnqW7sitI,M,Assistant Professor,5615640553
22-612-9239,Leilah,14523 Mitchell Hill,1817700162,WPnwmyUEe,F,Senior Editor,3369969963
08-730-5718,Rab,1205 John Wall Terrace,3737313466,96UocMgP5nP,M,Junior Executive,9727480756
90-423-5622,Tomasine,458 Hovde Street,1339814544,JP2p8CIkteH,F,VP Quality Control,6469650147
10-382-2247,Alissa,754 Vera Drive,4664183100,fpvEOFaHjw,F,Product Engineer,3122773481
84-227-4915,Lindsay,487 Dryden Road,6362104714,gIK4TvMwU,F,Recruiter,3127183119
55-409-9322,Salvidor,20271 Tony Court,5109287775,FtWHz8uiXtL,M,Director of Sales,7237299379
21-573-0599,Gothart,1264 Golf View Court,5246709140,8gWOXu6Nz,M,Chemical Engineer,8463251595
07-000-8240,Frans,7 Delaware Way,9480957043,Sz62tVGnWF,M,Software Engineer III,5157053746
51-944-3846,Rubi,57 Moland Point,361560370,7oweTPiOV,F,Paralegal,2803904691
83-736-1016,Alexi,30889 Vermont Crossing,1389070182,au0LylU9p,F,Programmer I,9520511539
39-284-8883,Bowie,0335 Continental Place,7948279784,FsXhXu94g6ou,M,Clinical Specialist,4090061911
92-273-0234,Kirstin,99 Almo Park,6085402724,RIfgTR,F,Accountant II,3034001568
38-161-6529,Mary,11 Becker Crossing,265331099,cwSL3ilsQD,F,Recruiting Manager,6728445552
82-959-6840,Haven,7451 Everett Place,3911474687,AJAF4i8cS,M,VP Quality Control,659489384
55-771-9255,Janessa,508 Glacier Hill Place,3275007866,1pAOtlOaTg,F,Nurse,4388702366
29-430-6384,Rosalyn,49 Eliot Road,2241363774,0kpUV4,F,Operator,4317173549
08-243-6492,Wendy,41493 Independence Plaza,3335373421,NRWP1iL,F,Web Designer II,3092353064
86-930-2100,Cecilla,64 Village Green Hill,7913529040,70ifoxLE,F,Actuary,7774868143
93-486-8138,Ira,6 Crownhardt Crossing,9038943180,t5eUxkVnfzm,M,Analog Circuit Design manager,2661543341
91-134-2236,Minnie,54079 Tony Plaza,6504949190,4c9jZD,F,Dental Hygienist,9958156334
59-466-3503,Gordy,108 Stephen Center,6176478790,ekDLOUKYJb,M,Developer I,9764596126
86-650-3291,Michale,2 Columbus Avenue,7264220532,lMdEw6v,M,Cost Accountant,8363110884
31-598-2614,Nickey,7 Welch Hill,4227002001,xAosTar62K,M,Software Consultant,6071902479
21-469-6910,Fayth,59740 Valley Edge Pass,63311739,JOr0kRa6X,F,Sales Associate,3221935684
35-253-8188,Ed,8586 Comanche Avenue,2019543176,LFUrBPrCQEQ,M,Editor,7891876894
36-326-5656,Rosana,2 Thompson Avenue,1124301933,V82cKlY0yM,F,Accounting Assistant I,4651630634
68-745-2317,Michaeline,93237 Eagan Circle,6318397035,ToPIIzXA,F,Senior Financial Analyst,9028809082
95-419-0639,Tod,5 John Wall Avenue,7358205448,mzBNgr,M,Operator,8566138856
25-446-6735,Kimberli,13 Debra Place,403979900,g6SO7tz3y,F,Community Outreach Specialist,8811843553
13-073-6582,Kata,4329 Gale Way,1121086888,267TuQP,F,Engineer II,8845554945
09-153-6627,Bo,07641 Kenwood Drive,1256904643,6vavJnwzJfdn,M,Software Engineer I,4057533435
52-409-9233,Donaugh,51 Erie Point,415175321,cpSh9tGfKMF,M,Quality Control Specialist,6258457061
69-327-5721,Saxe,1 Gale Park,4623813711,1Xek9sI,M,GIS Technical Architect,2261230273
96-736-8617,Hugh,73 Montana Point,9220509539,tNzNhYIv,M,Financial Analyst,5305742110
80-973-1051,Christine,399 Springs Center,9471581788,9BWQziTNqu,F,Analog Circuit Design manager,5520294674
23-687-3947,Reine,576 Daystar Way,1614807612,cQ1qGB,F,Media Manager I,4615786212
51-287-9382,Katalin,46 Eggendart Circle,621292516,4Qoh3dYRd8i,F,Accounting Assistant IV,1231383925
71-906-1216,Carree,484 West Road,5184486062,bsbHyyX7,F,VP Marketing,2451143150
83-306-2460,Aguie,4 Dapin Hill,9000110580,5gYOVm,M,Tax Accountant,5997212211
54-842-7401,Jerrold,33600 Redwing Park,5179785812,BuPyu7,M,Product Engineer,7822427296
01-311-4376,Belita,4 Loomis Hill,5887970014,npLN2xdAk,F,Registered Nurse,8981349118
36-748-9852,Clem,2 Butterfield Pass,1380244250,t5Tu6BFW0He,F,Cost Accountant,4117642014
63-346-6423,Armstrong,445 Darwin Court,6121503009,VGZRdIIbns5m,M,Business Systems Development Analyst,6972464927
67-701-3542,Bab,2829 Grim Crossing,7365717416,rHcq03d1hD2,F,Programmer Analyst I,3458746196
38-544-6058,Gus,153 Summerview Circle,883387522,dEMHKnKAt,M,Developer IV,6596581713
58-965-0443,Josee,34 Ridgeway Lane,6056815617,UUKLiV79rX,F,Environmental Specialist,8240464130
01-097-0700,Tanhya,3 Farwell Avenue,6319195002,EaABspaPaFGC,F,Tax Accountant,2298255962
69-657-7729,Judie,44 Florence Hill,9777977999,gJyrptGLIlN,F,Product Engineer,7110037665
59-946-3497,Valentijn,427 Pearson Center,5930640785,wCzr3a,M,Administrative Assistant IV,1832844544
91-845-5362,Dale,24993 Hazelcrest Trail,9495097193,wmQwkyLBYhZ,F,Project Manager,1471280411
77-981-8226,Zechariah,66773 Hanson Place,3401811916,KlU6veAt,M,VP Accounting,4559729492
16-663-7909,Bianka,59 Evergreen Drive,4994487952,viwi4oy,F,Associate Professor,4068140146
31-336-2821,Benyamin,7 South Avenue,3191299599,EkYsIvi3,M,Junior Executive,8331517660
26-873-1805,My,7862 Gateway Crossing,7880056270,MxAmXxSSh1Z,M,Statistician II,3777721999
61-720-9137,Loydie,52748 North Trail,482400900,yOId6sWV1hJ,M,Information Systems Manager,3132177857
20-037-2349,Clem,2607 Hansons Terrace,1451977050,jDhrkvdvBhBi,M,Physical Therapy Assistant,5162651702
36-322-4893,Electra,3172 Bluejay Place,5250483615,59nCCP,F,Administrative Officer,5415272143
07-079-6685,Elysha,10 Thackeray Junction,5004502811,UNVwkX4WB,F,Pharmacist,8093353976
49-490-6245,Demetris,08 Continental Circle,5198431559,AonXcM,F,VP Quality Control,5258941906
97-935-0798,Phil,39 Huxley Road,3671009217,Rg7I0s3qbo,M,Recruiter,8609730093
71-325-9740,Goraud,375 Pearson Center,7743850536,rtgjuwgikdu,M,Human Resources Assistant I,4928828755
78-308-2705,Philip,4423 Browning Plaza,3176897251,ueMOQCW94,M,VP Sales,5025178339
16-634-5554,Doug,58213 Atwood Parkway,4829366222,sVRRYBGCax,M,Chemical Engineer,4026204065
12-889-9285,Katrinka,99875 Holy Cross Plaza,493085882,5YWEgljjWwjo,F,Payment Adjustment Coordinator,6926287988
23-128-5813,Ilysa,09543 Melvin Plaza,8426431860,YkXNSDg8E272,F,Accounting Assistant I,792920465
94-434-9906,Tadd,4779 High Crossing Parkway,6093459578,z8Vz7lBozn,M,Help Desk Technician,7859231190
48-506-7536,Liana,03866 Onsgard Pass,6418870646,nYIgB9iR0UU,F,VP Product Management,3030065359
24-485-2563,Othilie,8 Helena Point,6164642620,PjeBr39,F,Environmental Specialist,644375078
78-365-8129,Lukas,3676 Lakewood Park,3974567283,Fv5VKQfyAQ,M,VP Accounting,2318372829
18-355-4902,Udall,3314 Bellgrove Terrace,84811455,Ff2Ocsy8T,M,Nuclear Power Engineer,8900993011
54-083-3072,Grace,267 Southridge Point,6710602575,a8Wg9W6WOm,F,Software Test Engineer IV,3672839396
81-627-6182,Kristan,615 Grim Crossing,9898490055,M9WemcvE2,F,Biostatistician IV,297458043
41-274-2644,Kaine,45510 Erie Crossing,3336397952,wPPoQaTab,M,Account Coordinator,9871424825
54-531-0329,Brigitta,276 Carey Center,7640159628,FqYCFQ5v4v,F,Clinical Specialist,7023146059
67-506-0518,Monti,5 Bluestem Place,6730376775,I6SU8zqUromN,M,GIS Technical Architect,8180783898
20-248-6864,Lorene,04 Anniversary Circle,9201617844,xwOLhCpK,F,Sales Associate,2019104792
99-302-1040,Chancey,5452 Service Avenue,4276681162,pnVAAwXW0IHg,M,Speech Pathologist,4061109030
62-407-6521,Judi,12 Alpine Road,2321724862,IvLC4LRqda,F,Biostatistician IV,2875319337
41-076-4288,Kerk,0053 Mendota Center,5686471959,dPjmP2xH,M,Quality Control Specialist,8227371116
42-074-1378,Darci,77 Pierstorff Place,5695686679,2df7Aeww,F,General Manager,9077806482
21-170-0075,Ava,40016 Summer Ridge Street,5261120772,JteSznWgoWqB,F,Senior Cost Accountant,123332559
37-565-7547,Ashby,0 Hoard Park,2651825654,jz9nBlPU9l,M,Programmer Analyst III,6467947444
94-750-9398,Errick,186 Forest Street,9763423406,An8B6EU9qwo1,M,Desktop Support Technician,2226811907
95-980-1478,Pail,17 Bartelt Terrace,1983037095,uKAMX5VLg7G,M,Social Worker,1211640256
45-646-2150,Karel,196 Dorton Way,2513566513,cWPwiFNPTJ3,F,Accounting Assistant II,8440000898
80-419-9854,Bernie,2192 Mayer Street,4305356309,WPD2BX,M,Chief Design Engineer,5993631988
05-728-7294,Ezri,6884 Green Ridge Court,2129352928,0YD1hFsuQ5pr,M,Registered Nurse,4794609396
87-184-4202,Maia,3 Debs Court,9637382003,Of2Uaba,F,Safety Technician II,7218132197
94-040-4474,Hermione,7019 Lakewood Gardens Alley,1108291759,Yam3PTZOq,F,Nurse Practicioner,767348613
25-856-2582,Shanna,19 Mandrake Drive,3059944490,oPpDlVpatN,F,Registered Nurse,9914882595
85-864-8491,Aharon,4667 Aberg Trail,7826284163,pAMrTYk,M,Technical Writer,130859206
87-391-1692,Ichabod,21826 Gale Pass,4306965430,Onfjk6XMNSd,M,Information Systems Manager,9330541712
39-707-3026,Salvidor,316 Portage Plaza,4760846212,gPnZVP7,M,Quality Engineer,608414131
70-487-6268,Tawsha,29105 Corben Junction,3122859564,miHKIvPN,F,Programmer Analyst II,3988768006
49-371-9259,Ingaberg,12 Warrior Circle,7800651495,CjXxyGe5q1M,F,Account Representative III,3668733538
85-095-8107,Orly,37702 Green Park,9207792281,KwCfzd,F,Chief Design Engineer,3320876678
62-114-5495,Amby,115 Gale Place,1120092159,biT8p2P2,M,Recruiting Manager,5373451223
92-102-6566,Obadiah,4740 Cascade Drive,8036214717,4IAYavPnHgVI,M,Environmental Specialist,2144863091
16-402-9405,Ferdinande,3 Eggendart Road,515570664,wr3cphza,F,Senior Sales Associate,305269151
25-471-5887,Cointon,35 Merry Road,3611094145,5D3grNrG2g,M,Compensation Analyst,1178875415
18-679-4535,Channa,61825 Glendale Center,3305963743,FhwzsG,F,Software Test Engineer I,8719455046
15-818-1553,Thomasa,236 Larry Hill,4694285394,TsFYUgVJqC81,F,Electrical Engineer,9434244293
17-815-6239,Gale,22 Eliot Alley,8044678131,cbYSytjYk,F,Operator,9899044717
72-783-5912,Xever,50268 High Crossing Hill,6699680811,qGTccdPaM0S,M,Cost Accountant,1515666581
44-689-4583,Leah,19 Ruskin Parkway,6242069482,EMbTEcQMBUB,F,Web Developer I,3508902285
47-852-4445,Gennie,75633 Hanover Parkway,2554235945,Uzo6TXM7Zp,F,Paralegal,6889563115
58-464-5126,Porty,2692 Schmedeman Plaza,7429802273,vkVXgfn,M,Analog Circuit Design manager,4887408331
84-042-8846,Demetre,94 East Park,7760813651,M0UbJIHLtQo,M,Social Worker,3634843071
44-966-9415,Mervin,71322 Washington Avenue,6346977334,tzjLx6rmYHV,M,Senior Editor,7401035561
45-346-8906,Prudi,331 Starling Alley,7932435420,mPG2Aby,F,Web Designer I,4728472590
46-330-7575,Shannah,3 Ramsey Road,9161311936,XEaGOxiKRk,F,Senior Quality Engineer,5887317582
14-277-4693,Roxy,19 Bay Junction,1473697638,Usg8tWk09c,F,Civil Engineer,3883807354
08-851-1920,Margaretta,06410 Laurel Road,2611315914,8C53Tm0,F,Graphic Designer,7791931443
50-367-3824,Reba,7 Farmco Drive,8019079599,90ZquMhcuh4,F,Nurse Practicioner,4654906525
02-057-2580,Jamil,233 Memorial Parkway,2150214261,OBZJWIl7ZB,M,Analyst Programmer,6604028429
08-215-1193,Siward,9 Green Ridge Way,9354712185,GKcxOh8X,M,Media Manager II,5529507220
00-967-7604,Tabor,7772 Stuart Way,7585054246,K1IjSl41Vb,M,Human Resources Assistant I,2468661508
67-684-8256,Fowler,89 American Place,1848230281,XLGNMW,M,Accountant IV,4319072731
99-665-2227,Dorris,19438 Northview Trail,1987357752,JkcITlt7J,F,Senior Editor,2202265457
89-963-2872,Shell,63583 Grim Drive,8497499387,lgtEbQ,F,Statistician I,1052245099
54-396-7039,Cheston,91514 Coleman Junction,3158357453,jQfCIruf,M,Human Resources Manager,5927240631
15-427-1283,Hector,498 Algoma Parkway,7306724851,GgujNoWjy,M,Accountant II,6621404921
56-221-4251,Rhianna,2217 Messerschmidt Park,8415131259,mulYCIO,F,Internal Auditor,6701947484
00-567-0267,Grannie,4511 Dakota Way,2243871866,XNmZAYArA,M,Senior Quality Engineer,2807053149
82-864-2202,Harmonia,22465 Straubel Crossing,8241175973,5Rn52S,F,Teacher,5944853921
65-387-9325,Karina,54169 Tennessee Hill,4770675526,RImTQaVo,F,Electrical Engineer,3205128575
02-989-3431,Florette,41 Melby Road,3018166159,CnA4Gn,F,Account Coordinator,8464722729
29-483-7669,Hewie,546 David Junction,4765263533,Mwx7LnH,M,General Manager,4316078844
36-151-6350,Waiter,36864 Eliot Pass,5421209857,DXIcZDc,M,Nurse Practicioner,1344561306
90-160-9253,Kristina,45 Dorton Court,9697210357,DrLrhUuFP8hH,F,Database Administrator II,4707741215
37-703-9138,Rubie,22973 Kings Street,9744496916,dy2r9Dji7,F,Junior Executive,2422325688
36-673-8833,Burl,81 Lighthouse Bay Street,7147516753,0pdrGifeXejn,M,Graphic Designer,6344327804
00-633-8611,Burgess,105 Alpine Lane,9270842479,6m1HTU,M,Sales Representative,7189404708
36-699-2448,Wallace,98 Sutherland Terrace,1944232303,OYntZzJtAe,M,Web Developer IV,5372958588
29-295-9974,Pacorro,356 Hollow Ridge Junction,1782557733,DHM6XzQTiqo,M,Help Desk Technician,9160574321
96-909-4331,Trev,7936 Redwing Place,907758045,eDPpeccHDqn,M,Sales Associate,264353250
08-468-2805,Nobe,78351 Rigney Crossing,1394913192,UWpFaW,M,Pharmacist,7994806163
87-381-4223,Nana,473 Quincy Pass,3586565097,sqKVMh82HY2,F,Account Representative III,9708640506
40-265-7695,Nate,09 Atwood Trail,556671546,6k7Sva,M,Administrative Officer,3911039441
29-008-2226,Allie,83348 Tennyson Junction,5353048970,quoe6R8uAQ,F,Operator,2679694643
84-622-6301,Stephana,821 Red Cloud Crossing,1239617895,FSUovkd,F,Data Coordiator,5962125096
47-265-6834,Jeramie,5413 Esker Drive,547564120,UQxbfBtRhB,M,Financial Advisor,1848668716
19-429-4871,Belicia,5 Oriole Way,6999513589,sDJAPKADq,F,Account Representative I,1642487880
06-678-4291,Moreen,5 Blue Bill Park Alley,2363362861,DsddT4DdYj,F,VP Sales,8537436011
57-260-1170,Gerek,9 Carioca Pass,2697408460,ichmqPzVyTC,M,Senior Financial Analyst,9934098067
02-230-7081,Patrizio,1265 Melvin Lane,1910493015,gVecxdOJy,M,VP Marketing,5003610270
10-721-0774,Quinlan,37 Darwin Park,2928821708,g75f7pu,M,GIS Technical Architect,5083316072
10-049-6085,Bevon,58877 Stang Center,5422506723,avD55fr,M,Geologist III,2221676610
28-871-9591,Sayers,16292 Donald Point,4946393285,H2b9SELq,M,Associate Professor,706915070
25-786-6263,Mikey,4 Vera Street,2236629222,tgqa0KLyoO,M,Dental Hygienist,3125248043
84-773-2894,Ric,82403 Canary Road,764775529,hD3uBwER,M,Research Associate,3766328395
64-337-6107,Hilliard,8 Grover Road,2231733188,6XDxpPXAZKXi,M,Project Manager,2483126294
85-988-3335,Gretchen,351 Village Green Crossing,5536710486,tlfW2a350B,F,Actuary,5297349419
26-140-1875,Oren,15462 Cherokee Hill,6129715935,KhZ98XvG0Gx,M,Account Executive,2979871958
86-578-4963,Daron,9 Surrey Way,7727876593,fWZhMe,M,Web Designer IV,5387526956
36-368-8240,Baird,4362 Magdeline Junction,656662549,i5F4Quv,M,Compensation Analyst,7883375083
21-104-6806,Nickie,36151 5th Terrace,7267389988,HzCeJWo,M,Paralegal,4143588897
06-191-5270,Christabel,57363 Dixon Junction,7062528021,6XRbpI0wBH,F,Information Systems Manager,9883242646
43-479-9241,Jennee,8762 Straubel Hill,4349011285,ChF77XTGkDP,F,Marketing Assistant,5141466906
60-905-5271,Paulo,59858 Dixon Place,2892244676,ydGGV3YS,M,Human Resources Manager,7210400710
39-529-5777,Meade,939 Packers Center,7280843522,dPzIgHnM5,F,Legal Assistant,9231449281
42-774-9758,Rene,70342 Washington Pass,806382252,g4FJjbU5oaB,F,Community Outreach Specialist,1549207199
02-101-9936,Claudette,926 Killdeer Park,6868979746,jlzGqzP,F,Quality Control Specialist,6576896085
29-583-8659,Joye,5305 Claremont Hill,5424284159,69wYrHk0Q,F,Engineer II,999374516
60-803-2427,Paddie,7891 Lukken Circle,5008854283,8eIQ7CX,M,Structural Analysis Engineer,3968087372
93-140-4246,Win,3 Schurz Center,1789488710,RWHAWsDdAEJu,M,Software Test Engineer II,3139170319
16-231-0690,Caren,95548 Ramsey Alley,6378617880,9Trb6nm9X,F,Operator,1801551723
44-994-0940,Jim,12787 Artisan Circle,8447879046,BB2GS8,M,Editor,5143874963
72-243-0002,Rianon,532 Chinook Hill,3793688313,xF05qeKx4,F,Senior Financial Analyst,938366076
42-601-3613,Mozes,218 Tennessee Alley,4713489808,o5FmeOMrr,M,Web Designer I,6749725422
69-554-6892,Archer,73286 Blaine Alley,6626171208,W3MzO3,M,Financial Advisor,2474215611
74-189-7679,Coretta,07 Bluestem Trail,7810411098,uvrtbVgc,F,Office Assistant II,5220786644
71-709-8813,Kordula,927 Sundown Terrace,4942324149,kDVxKw09vV,F,Business Systems Development Analyst,5428537795
23-271-8298,Yuri,4 Fulton Circle,8739413365,D5ybZi,M,VP Quality Control,5226153732
54-405-3736,Page,39013 Hazelcrest Circle,7733615690,COf1bQ0X4g,M,Safety Technician III,6801614703
83-039-2173,Paolo,18 Parkside Center,8496780724,7U03FarYz,M,Web Developer I,3093647886
12-398-0621,Maxi,4 Del Sol Junction,9724514854,eyOyCikftxbB,F,Director of Sales,7284343486
82-717-2205,Ludovika,40334 John Wall Parkway,4499421470,Y2eqk6r,F,Registered Nurse,3305031662
62-718-1616,Ariana,522 Cottonwood Hill,6414961531,TzdXmXZc7z0A,F,Web Developer IV,26044625
97-307-3258,Yettie,163 Forster Pass,5930359083,ACGGHfeir,F,Software Engineer II,2565345755
03-576-0291,Jasmin,327 Golden Leaf Place,1778923089,YuoQX6xX4H,F,VP Product Management,300961995
63-715-6450,Granger,699 Farwell Trail,8539642042,LhSCYClYAb,M,Desktop Support Technician,2863786008
80-729-1618,Hamil,85 International Center,3287503251,cj6ES5,M,Senior Developer,9813812648
30-716-8574,Leonelle,56 Hollow Ridge Circle,4696986705,sXCmYOyt,F,Safety Technician III,1343848822
10-423-7450,Rodney,3013 John Wall Street,3822635596,IAqb1ltV6x6,M,Research Assistant I,8723405007
89-086-9372,Mauricio,5 Washington Junction,7924594051,96snvM,M,Junior Executive,7077723216
67-883-5777,Jordan,79 Paget Pass,4284347144,mvF36s91u,F,Executive Secretary,1649882459
40-609-1729,Nickie,52558 Thackeray Lane,526313277,D0hsHx03H1o,F,Research Assistant I,5431322281
04-045-9283,Twyla,1 Surrey Avenue,7067533279,CRnWDoL,F,Senior Sales Associate,7198693350
87-760-2819,Reade,9 Stone Corner Place,3214070908,tSbtlJoL,M,Senior Financial Analyst,3114418287
44-650-5032,Colene,75907 Summit Street,2692220757,e4mNMAqbz,F,Librarian,162129041
03-062-2576,Alejandro,1933 Mesta Avenue,6990805153,OiuPFnpQ6MY,M,Research Assistant II,3898546853
28-886-5174,Ryan,2558 Summit Plaza,1190891921,YeMBIu,M,Registered Nurse,1144796598
01-594-0539,King,83741 Bunker Hill Lane,2666387739,fBsTvHrf5eBZ,M,Geological Engineer,8263423694
46-420-2579,Markos,7 Fremont Plaza,7874496167,mNUkLTbWIlb,M,Administrative Assistant I,2343457719
93-265-9294,Gregoor,1 Morrow Center,3318376922,WQ1fp2GfNF1,M,Financial Advisor,2444145054
59-736-6401,Kirby,96305 Killdeer Parkway,9587141695,stUVYRFgxwu,M,Senior Quality Engineer,8218582630
36-882-3526,Daffi,15 Green Court,9371738669,dv4KtejTFjzB,F,Staff Scientist,3794176227
85-340-9407,Tonnie,8232 Rowland Place,7357016307,ogOKVZy6,M,Food Chemist,3620320535
44-677-1562,Honoria,163 Reinke Place,8957372954,pbZqRjdRK,F,Help Desk Technician,632508256
55-084-0333,Viola,7 Armistice Place,1031663711,sTjurGuGBX,F,Staff Accountant IV,4862572243
17-812-3470,Corine,2 Burning Wood Crossing,1261423488,u8QE6omJKF,F,Registered Nurse,6799067976
43-716-9049,Evangeline,849 Porter Pass,8158513883,ctiR3J,F,Actuary,3817803419
49-362-6886,Jeff,73 Katie Plaza,4037562472,gGFJvaacYGwg,M,Chemical Engineer,4937951092
59-857-7362,Paulie,3 Sutteridge Junction,9322847409,599mfz9vE,M,Tax Accountant,455371806
68-097-2418,Dulcinea,7 Sutteridge Junction,304536679,t6dc6tX35to,F,Automation Specialist I,5836377006
46-030-0276,Steffie,4 Forest Dale Street,3612417576,LSv8N0,F,Food Chemist,3944158237
35-461-0172,Emalee,37257 Haas Circle,1591300495,2LmD9qwPbM,F,Tax Accountant,2989705643
15-972-2100,Yehudit,6568 Hayes Alley,8000108526,qM0kmt,M,Database Administrator II,941626393
00-820-4418,Drona,986 Butterfield Avenue,4724230045,APkA6nb,F,VP Sales,1008509671
12-359-2706,Marigold,96461 Twin Pines Plaza,5433849139,iSMvbA,F,Computer Systems Analyst III,832427160
46-639-9314,Ebba,1093 Tony Lane,3265470067,O3YC31YdqXo,F,Legal Assistant,9949030609
74-915-2583,Alecia,43 Becker Point,3355689548,uaDNi25G,F,Research Nurse,5589181666
40-712-3065,Isidro,213 Dahle Trail,7847808501,2vJxgeih,M,Chemical Engineer,4021140913
06-863-3590,Silvana,85148 Caliangt Point,3289387348,jbrallzPWF6,F,Help Desk Technician,4035880426
12-343-0159,Cedric,7511 Quincy Hill,7109813231,NWkPbcSHX0,M,Associate Professor,3705171259
52-712-7486,Benny,635 Carioca Drive,1451279396,Jl146XMyAok,M,Occupational Therapist,7899156947
41-826-5727,Jeffie,451 Oxford Street,3867489246,9C0oLOUi,M,Speech Pathologist,4251541413
45-704-9987,Web,806 Petterle Hill,9940797982,XDfI41vYb4,M,Social Worker,1198673540
26-783-8263,Burnaby,19 Veith Place,2667486846,Qxsu1UZ,M,Technical Writer,5460771528
75-322-0581,Asia,8694 Arizona Alley,9280505661,hf8bB3,F,Senior Quality Engineer,7277736745
91-678-7417,Grantley,24 Park Meadow Road,6392557237,c9gfrv234Jw,M,Senior Quality Engineer,6998967101
20-713-2245,Bennett,20299 Burrows Lane,5065725128,pl5iO5Njc,M,Sales Representative,4981868375
87-786-4998,Danell,75 Fairfield Way,6139442877,6ISd8LY,F,Research Associate,7094149662
87-535-0837,Danyelle,1 Ridge Oak Alley,9800463569,o83ipng6,F,Staff Accountant I,9246555384
91-254-7187,Madelene,3 Lake View Court,4503034103,zMVCx2R3n,F,Computer Systems Analyst III,2948648203
76-970-4764,Corilla,8001 Scoville Circle,8598593222,wVyuSEDsT1v,F,Physical Therapy Assistant,6861290211
30-739-2109,Bartholomeo,17 Nevada Hill,3862896609,2Pf0wM,M,Cost Accountant,278494153
56-472-3412,Marcus,769 Heffernan Drive,7038444085,FU1tNlEiJr,M,Structural Engineer,3867480451
70-293-5008,Loren,73 Cardinal Alley,5815411051,chhi3g2CsV,M,Senior Financial Analyst,3676171268
14-545-6214,Valentine,09 South Junction,4864157138,yTQhLrqF1Zx,M,VP Product Management,727291661
48-158-3477,Putnem,807 Lerdahl Lane,7449514648,nC9w0RZp7,M,Developer II,2749166691
06-741-0664,Kylila,0 Riverside Drive,3617410189,oZPv5MHBEpW,F,Systems Administrator I,5790976964
84-940-1465,Carmine,7895 Linden Terrace,8635665570,DzmoUT,M,Environmental Tech,9718547908
32-696-3698,Mort,311 Oxford Pass,7638726367,afRXSfyl0TZT,M,Tax Accountant,977694712
76-152-3140,Colman,929 Menomonie Parkway,8092919704,BFUqOovwZltM,M,Professor,1994428252
02-215-0869,Danni,1 Londonderry Street,6592930071,bVK2hZLsfrV,F,Developer I,1110778201
66-833-4894,Marsha,497 Anniversary Center,9914108202,LBfzLaXM,F,VP Product Management,8018849145
43-015-7604,Palm,65 Meadow Ridge Drive,7355192752,V3hE687cNZ,M,Nuclear Power Engineer,2735318206
91-057-8043,Cally,8199 Kensington Terrace,8099371313,mXZzDOw,F,Editor,2921248298
36-969-2945,Mace,16149 Hermina Way,7232633696,oFm8iRp,M,Research Nurse,238402770
23-291-1460,Rori,8 Blue Bill Park Trail,9510588652,sYwiwTlxQ,F,Health Coach IV,2697259740
43-160-9393,Arther,69 Dapin Junction,6443863542,HoTYEnD,M,Social Worker,7344383152
01-702-5105,Wenda,929 Hazelcrest Court,2677306212,oBUPWgDFjD,F,Chief Design Engineer,541562029
83-059-5878,Wilmar,5546 Pierstorff Trail,9862603011,2TYDwuR1GlA,M,Physical Therapy Assistant,9154527252
46-291-3057,Ennis,40 Ilene Center,1256938424,1y9etEp,M,Nuclear Power Engineer,583923631
12-219-4193,Merwin,41531 Luster Pass,930997182,E1ayXd7byJXW,M,Account Representative I,4645912186
91-601-9003,Honor,4159 Hallows Pass,7107261789,bI8FjUCGTNF,F,Human Resources Assistant II,4100980981
34-591-2506,Nanette,501 Westerfield Junction,8521376510,oKWFNELWc,F,Biostatistician III,3304683607
68-831-1340,Rudolf,41950 Ronald Regan Terrace,8691404671,qceOlQoNz,M,Structural Analysis Engineer,6621432119
26-625-0473,Karina,5714 Lighthouse Bay Junction,1914528719,vK6WDKlogO7,F,Junior Executive,3969634555
60-466-4133,Janene,4 Del Mar Hill,9993728322,GCAsc41E,F,Pharmacist,4328868489
76-658-5011,Darlleen,84024 Bartelt Trail,8895462610,xNvQ79,F,Recruiting Manager,9708729426
77-566-1538,Sharline,83622 Surrey Terrace,4354779781,tjjhbtskkN4,F,Staff Scientist,2091328839
69-767-9552,Mortie,2 Sycamore Plaza,9746217534,Fv9jZ1K8kDn,M,Chemical Engineer,7857482749
55-202-6331,Wendel,1 Corben Drive,9455025337,GkSDT72yQlqP,M,Chemical Engineer,4966611865
12-529-1726,Myra,73881 Kinsman Point,1289659591,dMauA3AB1,F,Systems Administrator IV,6303928625
08-772-0736,Sloan,532 Farwell Street,99862905,kEx55ynV,M,Civil Engineer,8586344885
52-330-0227,Laryssa,85 Morning Lane,2755812184,HyPdiHy6JXnZ,F,Health Coach I,2894706758
62-106-9958,Natty,3 Moland Crossing,8659640020,qszn8pj3K3,F,Mechanical Systems Engineer,2953339752
73-739-6282,Gifford,0 Mockingbird Court,8702411199,uHffY6,M,Marketing Manager,3977806181
70-224-8689,Arman,018 Laurel Road,8529367200,v4fVxD,M,Account Representative I,1886588007
25-062-8082,Kendricks,75 Fair Oaks Alley,7989400545,Vqjxu2Zn,M,Physical Therapy Assistant,5637311552
72-968-5367,Sharyl,726 Bluejay Point,116140658,R639ZIsl,F,Software Test Engineer III,3636119710
62-665-6791,Flor,54 Schurz Junction,5953154275,okMKEcrwkY,F,Occupational Therapist,8372304777
78-845-4160,Nikolaus,5664 Moose Place,3819853103,R6PcC5Xwv0bB,M,VP Marketing,8382232752
13-588-1415,Tuck,4294 Eastwood Drive,2429421798,3jpjXy3,M,Electrical Engineer,5821109310
83-918-8286,Elmo,7615 Porter Terrace,1947117955,vRgEc2t,M,Junior Executive,1881748561
69-264-4214,Kalle,40140 Bunting Lane,4090551439,GKk9Egbj9N,M,Occupational Therapist,3041566591
22-182-7899,Hatti,74 Iowa Parkway,1349125628,WmvFWSIVQu,F,Editor,9742200149
98-235-5772,Charlotte,334 Portage Plaza,5717431627,L5U3is,F,Information Systems Manager,5064050534
23-552-5047,Vin,48 Transport Circle,1718843984,6AK4oy,M,Librarian,6764147922
91-901-6263,Brita,9 Monument Plaza,6315658997,F7FIttBx,F,Operator,7051123319
44-761-6826,Berti,279 Nelson Alley,1390871177,6HJ4MQS,M,Help Desk Technician,7428525780
91-327-6299,Cosetta,02 Carpenter Center,5117917588,WQ6xs6Cl3T4,F,Software Engineer II,9157577749
40-623-1992,Elsa,783 Brickson Park Alley,7379303279,iUJDWxZJ3H,F,VP Marketing,5581555869
32-529-0837,Remus,22 Red Cloud Street,7493236593,YEhavLQSJiJ,M,Occupational Therapist,9594979496
24-221-8230,Perren,3165 Oakridge Street,4784565531,0DbTT3,M,Administrative Officer,9373070495
12-532-5834,Sigismond,61 Veith Point,8034696285,9lYW3i,M,Geologist IV,2789125546
93-522-3878,Ham,8422 Lukken Crossing,6107343938,5YB2FUaopmuK,M,Environmental Tech,8489996172
45-897-1309,Athene,190 Northridge Trail,8298532244,3L4GYTpMR2,F,Help Desk Technician,4102897895
46-215-3093,Claudetta,850 Raven Road,7771630642,lkfwa6rl,F,Accountant II,4325460888
38-933-5542,Haily,312 Darwin Drive,5833722462,hyXq8j0tboct,M,Speech Pathologist,1138486027
19-388-8647,Ogdon,121 Boyd Center,9396097403,Yvwa6rzrRjW,M,Director of Sales,1237709288
29-923-0005,Granny,49 Chive Lane,3518155091,57CWzOZuL6Jz,M,Systems Administrator II,6865727541
89-553-3780,Pincus,63803 Glendale Street,3715299215,9XBZByL0T,M,Nurse Practicioner,6580459654
26-910-0806,Dode,3 Havey Pass,1592269354,8B3vE3K2P,F,Physical Therapy Assistant,8306460111
90-763-7919,Tabina,87697 Corben Pass,7946461070,PfDNiiRD0BUE,F,Help Desk Operator,4704128806
42-813-1735,Kilian,255 Farmco Way,5874430644,O52W702,M,Help Desk Operator,5731502420
92-680-1622,Ellette,80 Swallow Court,8477485763,NsAItAi,F,Senior Financial Analyst,6569005642
23-394-6589,Chandler,35226 Golden Leaf Park,4509724594,TJt24a9,M,Director of Sales,6641787893
02-088-5101,Amble,0 Spenser Circle,6738907761,UAOjPpjm,M,VP Accounting,4048822381
03-308-7364,Danny,7629 Briar Crest Junction,8257990795,IMcZIidNa,M,Information Systems Manager,8056309403
19-678-5059,Laurence,57718 Pond Road,7228384601,O1eRCyvaMLS,M,Help Desk Operator,5383928421
04-104-9268,Gabbie,86 Luster Pass,7250928678,3JYMvq,M,Senior Quality Engineer,2738941443
41-735-8836,Hadrian,73 Heath Way,8128485997,TgDp6HvHnT3,M,Senior Developer,3742247190
60-607-7200,Reinhold,9770 Dayton Street,2789674000,cVdZHnnD,M,Professor,3759736491
15-187-6162,Wayne,546 Kim Circle,7546747694,R2KWfkjNMC3,M,Safety Technician III,3942253836
97-086-6459,Thatch,708 Dawn Park,4130109707,6cZKptt,M,Senior Quality Engineer,9327331559
75-651-1738,Cherey,795 Harper Drive,3766385232,WVqsX5PqJT1,F,Sales Associate,2267573415
92-803-0723,Hayes,90660 Granby Center,6798203760,0nCDRV1Y,M,Information Systems Manager,7940690841
49-854-1212,Andy,09 Charing Cross Junction,3994738644,QKzRjiG,M,Automation Specialist III,2954418427
41-295-6771,Kerry,35767 Roth Parkway,2465188399,pHjyU1,M,Environmental Tech,169395405
98-405-5861,Frasquito,2939 Rieder Drive,2558481312,LmX22rqb,M,Web Developer IV,9657866146
75-855-0721,Eadmund,83 Utah Plaza,1207825476,ZaqOURs,M,Quality Control Specialist,2509192094
71-010-9181,Cristina,1330 Hoard Point,9929224807,kT4Op1YvW,F,Assistant Manager,3506712063
31-532-2316,Ezri,5 Lyons Park,9749520262,0GWyIZVc,M,Sales Representative,8905124720
02-753-2122,Martha,3597 Claremont Plaza,730471799,apAjZG,F,Financial Analyst,5790328318
10-692-0934,Tamara,7 Spenser Avenue,3983868517,dFljsJl,F,Director of Sales,2127026136
96-008-3526,Norry,884 Westerfield Drive,4781523250,1dOwnHGae3z,M,Nurse Practicioner,3092762185
10-661-8652,Jarvis,36209 Maple Trail,9704253869,DuNxPz,M,Senior Sales Associate,155374087
83-534-8056,Iorgo,5 Almo Point,3479957455,7QiGHaMMq,M,Biostatistician I,7131059633
39-163-1371,Orran,284 Starling Point,6128714412,fl9s4Izh,M,VP Sales,6481014212
57-285-6119,Willard,57876 Del Sol Junction,1102263400,qFNoPFo2,M,Operator,8342411486
72-096-5939,Maisey,444 Blaine Drive,2381625968,0AVO55PJ,F,Quality Control Specialist,603896766
93-714-8901,Wally,4 Homewood Pass,460759906,tRj7lvX,M,Automation Specialist IV,8270093254
38-322-6744,Zorana,6 Everett Center,4874649343,oLZtDzrmF,F,Occupational Therapist,8011064525
56-473-2945,Siana,0190 Cottonwood Crossing,4736196300,4yRlOvlvx0zj,F,Staff Accountant III,5653279498
98-033-3155,Allene,534 Gateway Hill,2886889482,1b4jOg2Xkd,F,Staff Scientist,8950431610
81-461-7152,Cecilla,93958 Orin Point,3077869683,lswSgU,F,Administrative Officer,7364014322
35-430-3125,Rory,14175 Roxbury Drive,3104778639,yCLHHmAiZ,F,Safety Technician IV,9281605961
66-312-0290,Barbabas,33 Huxley Way,4992560121,zd08cg8l,M,Account Executive,3057594948
97-571-3090,Inness,800 Twin Pines Avenue,3175094384,dlqqO1o,M,Geologist IV,9678833794
26-604-1084,Modesta,7 Memorial Lane,2543459340,m8bDkxzC2FXT,F,Product Engineer,6672749500
18-445-2835,Trisha,25287 Cardinal Parkway,1831736497,C1XjsMs,F,Account Representative III,8088327636
46-805-8633,Son,28 Mandrake Court,6857906874,ZZcnRgsJbLL,M,Help Desk Operator,3764137738
08-925-0399,Eldin,4 Drewry Court,6285356327,rz2023DFkF0q,M,Assistant Manager,8112601356
11-989-9870,Joshua,1 Dorton Terrace,1419284134,Aqaxlj33WeTy,M,Desktop Support Technician,9191651077
22-497-4715,Eberhard,21 Pankratz Alley,539827606,PGniuGSPrOXO,M,Research Nurse,4428864582
59-511-7985,Archibald,5671 Goodland Hill,1787832090,HCSdQKAEGdH,M,Programmer Analyst III,1697031021
46-175-5025,Adi,45 Schlimgen Hill,7662210820,xYbNWpRe,F,Health Coach IV,1465495479
98-811-1979,Willis,38 Maple Avenue,9475262326,YUWbpOvk45,M,Senior Financial Analyst,488840546
63-072-4273,Bethanne,68067 Paget Street,2678634671,ngVkLI,F,Registered Nurse,2268400204
84-467-8653,Trey,7319 Ilene Alley,7325507151,6cSCVNrH,M,Sales Representative,570496756
20-817-1081,Jervis,627 Hoepker Hill,639999883,8ci6X4ye35Rt,M,Help Desk Operator,2433855330
80-947-7603,Guinevere,8 Evergreen Crossing,2266780441,V3N62qo,F,Structural Engineer,1155921542
44-146-3763,Dorise,27961 Swallow Court,5029683038,G7PlGpkrZg,F,Staff Scientist,3243127475
46-277-8055,Jarrad,2 Portage Avenue,8966202209,OSFVGeHCrP,M,Statistician IV,1593315864
58-844-9260,Ilsa,2 Sloan Point,8871073258,SsxTYqy,F,Teacher,6566103465
80-147-9677,Putnem,946 Mallory Lane,2916701990,R64DLwQnQPG,M,Assistant Manager,9857579043
86-716-6867,Jeffie,149 Corben Terrace,9343286082,9MYtHaHbFjr,M,Research Nurse,4757446667
56-151-0860,Lia,23 Mayer Circle,2584487330,6Yd6s0J,F,Mechanical Systems Engineer,8736648566
40-666-6770,Keenan,61701 Meadow Ridge Circle,9736932141,DGR5zdeXn,M,Financial Advisor,9315817656
24-113-4419,Kingsly,2759 Elmside Street,5750500039,pie8hh1,M,Research Assistant IV,2679280326
89-967-6326,Bendicty,0493 Meadow Valley Drive,5325335790,eB4mDakNUEv,M,Geological Engineer,7635290134
70-781-1344,Frasquito,504 Lakewood Junction,7010645647,qEKREtGGpCP,M,Assistant Manager,6251990295
58-000-3752,Lothaire,4603 Chinook Park,7639953812,2D3j50CHj,M,Pharmacist,9228011203
08-460-4293,Selig,2000 Jenna Pass,6669355343,8cBJlB,M,Sales Representative,760563675
38-907-5154,Sanders,99042 Arizona Hill,9153767071,kL8w4MzUC,M,Operator,1906227586
53-290-0380,Sabra,55554 Grasskamp Park,6282919762,vyV2pbb6Qbe,F,Project Manager,8201694031
66-591-6790,Willard,7 Bunting Hill,8327943995,H1ZaNJpy1T,M,Staff Accountant III,3465968492
07-722-3522,Kristyn,6 Quincy Terrace,6073128940,FeX7za0FL,F,Statistician II,7123611535
44-884-1952,Kaleb,766 Quincy Road,9609562213,fvWgVPjeF,M,Paralegal,779720334
42-326-7758,Dimitry,4647 Rieder Road,4146461111,hJMxja3FQlQ,M,Clinical Specialist,2832693865
75-043-4157,Sonni,46 Macpherson Road,8452066597,ZLXKLW,F,Research Nurse,2270085957
04-010-7766,Otes,564 Moulton Way,9793971584,wSAgYrzyl2,M,Database Administrator II,8282745022
56-549-9040,Danit,4015 Golf View Way,3414217716,xYpJW2d,F,Web Designer I,2103879570
84-027-4907,Agnola,9520 Carberry Alley,6527289774,Ws5TBNH,F,Clinical Specialist,5722519987
13-366-7977,Quincey,3270 Thierer Hill,4862490328,2rPqrmj0PU,M,Web Developer III,9904288542
37-964-0706,Retha,11 American Way,8394527701,cz5wCVtp5h,F,Biostatistician II,5232069624
57-451-9271,Darby,99540 Randy Circle,1836114451,AORP5Ty,M,Staff Accountant IV,652800947
61-331-3065,Betta,77 Green Ridge Pass,8356668751,lbQaYLIEYcIV,F,Community Outreach Specialist,9288754466
84-581-0543,Sonni,648 Blue Bill Park Lane,7007134491,6iKVXH6sHlQw,F,Legal Assistant,1855677318
33-362-1169,Theodoric,7451 Carpenter Plaza,3977574957,tfIKhhw,M,Office Assistant IV,8194922208
92-134-8537,Ewen,66783 Judy Way,6696207767,P0Np9seR,M,Media Manager IV,7402204359
74-587-9575,Alyss,71 Comanche Alley,9829098389,pwW2fTU,F,Information Systems Manager,5807654064
40-403-5464,Tiebout,22 Pierstorff Alley,9066164727,E59aIcPocwcn,M,Financial Analyst,4430302715
56-457-9409,Ragnar,7447 Dovetail Crossing,6895876766,9AmS0cNX,M,Chemical Engineer,3244827624
79-748-8774,Kylila,97 Petterle Terrace,304359254,Twb2v7,F,Social Worker,9055533726
00-478-2844,Whitman,311 Iowa Crossing,560696574,xmert6S,M,General Manager,267162677
34-933-6918,Abby,914 Lien Pass,7893733624,TTsm5FOGqBlE,M,Nurse,8735600179
23-257-6696,Sherwynd,080 Lukken Place,9015128898,fwo20p,M,Electrical Engineer,6970311155
00-666-0306,Jessica,16477 Ridge Oak Street,6074813698,AIS0oJrAS2Dc,F,Executive Secretary,6224251347
19-813-8944,Peg,36 Randy Point,6655966221,0asisRe7,F,Product Engineer,8016742416
30-609-8619,Ulrikaumeko,9388 Westridge Parkway,4675716458,ugGNTo0ok,F,Actuary,6506905581
18-048-2392,Raynor,13339 Novick Place,4439616860,dRDppWv,M,Associate Professor,5918599967
85-683-3827,Haslett,63 Waywood Court,2673034447,QSOiKW1smjs,M,Clinical Specialist,8177473387
75-831-1127,Marna,843 Northport Center,4801045278,G3qBHjZea,F,Research Assistant III,2435982658
15-059-4761,Coreen,48 Jenifer Lane,8336512985,cNP7frlrl,F,Senior Cost Accountant,3527362436
63-689-2100,Brannon,91 Elka Way,9004844457,uj90IQEEtO,M,Web Developer IV,3087537772
20-330-0472,King,1 Fremont Avenue,2001226365,i9zJbZj,M,Account Coordinator,2865653463
72-233-8372,Enrichetta,35623 Melody Court,6122266922,Naizui0GJlF,F,Office Assistant II,8274863305
44-963-3631,Gabriellia,10204 Ridgeway Street,6772065271,a0UVHaF0R,F,Clinical Specialist,3939374873
08-017-2426,Jordon,38007 Hagan Center,735705798,pKz9v7,M,Chief Design Engineer,4466785511
95-131-4516,Marta,437 Memorial Trail,4127447737,llzgfVHbdQ,F,Desktop Support Technician,3823089455
79-716-3696,Amii,3 Starling Circle,7066682602,B74DA8anCH,F,Cost Accountant,3691411800
97-459-8770,Val,7 Grover Place,7407844976,ADlCDMlWPuTU,F,Director of Sales,7425523930
35-675-0406,Barbra,37875 Dayton Plaza,2048040101,3Y9ISC,F,Recruiter,3179122234
33-024-8086,Rusty,638 Spaight Parkway,175260389,4fX9ioryW,M,Web Designer II,9990119376
17-537-5687,Raffarty,99353 Michigan Drive,3058944780,T9I0zNzg,M,Nuclear Power Engineer,6209439187
41-979-1026,Sasha,9116 Gale Street,1919749195,LnJboynQmz,F,Chemical Engineer,4826509022
76-538-9437,Jecho,9 Ramsey Crossing,4621661442,5EB4InA,M,Compensation Analyst,5945481858
16-257-0342,Halley,0 Debra Plaza,1715012267,c5DpvWgx,F,Dental Hygienist,3096653747
50-930-5814,Lovell,8091 Anthes Street,9041441255,qs0YFELx7,M,Research Assistant II,976620413
48-775-0707,Chalmers,203 Summer Ridge Hill,4772553703,KLU0ZIufx0Wh,M,Speech Pathologist,3124645537
86-354-1690,Ellery,3 Holmberg Crossing,2575849772,1z6h2fD2yfsR,M,Systems Administrator I,9177917529
81-420-2091,Tuck,29830 Oakridge Circle,8859576059,yAIvhy,M,Registered Nurse,8690223924
11-034-4630,Berky,55859 Lien Alley,6890155297,j0E8tDS,M,Senior Editor,3579415808
31-007-2886,Winne,1386 Meadow Valley Parkway,1738293009,VEwIDqNeb,F,Financial Analyst,4934739726
38-625-1579,Northrup,0345 Anhalt Drive,4658979942,YZbuYy6t,M,Analog Circuit Design manager,2163746585
01-109-2574,Meaghan,42494 Eliot Road,9310781750,rHZ6mViCbb0Q,F,Senior Quality Engineer,9093710230
75-993-7429,Christy,24 Dapin Avenue,6109272531,hpbM9ij6XMe,M,Database Administrator I,862734592
54-547-5328,Kellby,58028 Dakota Court,6636187972,2Gsz12Xj,M,Safety Technician II,9378059651
53-830-6384,Nissa,2 Pierstorff Plaza,9672179022,QebPUHwAV,F,Senior Cost Accountant,6336433315
41-051-9233,Edsel,7 Ohio Street,6291381249,MoIerJqah,M,Software Consultant,8580775833
68-811-2550,Vaclav,38938 Vermont Alley,725554789,ONG10pQFOEp8,M,Media Manager IV,9936936175
91-823-6201,Patric,67331 Eagan Hill,5298778356,UcTtd0SwniI,M,Food Chemist,2161244779
53-574-7615,Maggee,862 Jackson Crossing,8681022083,7tkbcm,F,Physical Therapy Assistant,9293005670
72-734-7280,Nat,6 Fuller Crossing,9212248446,l6bR55OM0SK,F,Environmental Specialist,4483268775
53-339-9649,Rosabella,77084 Duke Trail,1908443820,sqA6anT9zZv,F,Analog Circuit Design manager,3565266457
90-073-5941,Daron,78195 Bashford Crossing,835480119,1ITG3z,M,Internal Auditor,7752311723
33-659-6266,Cornie,289 Sugar Avenue,4790417255,SXEUS5,M,Accountant III,9355698216
28-673-7099,Pancho,3 Melby Street,1571687858,cEYrpTjsMT,M,Tax Accountant,9808510183
59-868-1436,Guglielmo,0363 Mitchell Crossing,6440792954,AQdX3d,M,Paralegal,574415475
87-704-4998,Megen,47865 Aberg Park,5987057264,wqzxpK7J,F,Software Test Engineer II,7653245641
83-300-9262,Garrek,3590 Spaight Road,3322954137,ywW5gq,M,Environmental Tech,5700328801
10-600-1465,Shaun,462 Straubel Drive,835249735,2o4AxuJEQB,M,Help Desk Technician,5646660866
71-429-1179,Mona,4 Donald Pass,2489858556,dKR3Nmp,F,Account Coordinator,8318010361
46-903-8094,Barrie,3920 Esker Avenue,6125084019,DehjjMu7Z0lq,F,Staff Scientist,2614323330
57-198-8726,Ty,5 Stuart Lane,2870398980,zOJQYENxi,M,Mechanical Systems Engineer,6025147485
56-377-9271,Marya,4624 Sunfield Way,2878811186,4j7qe5F,F,Recruiting Manager,6380133267
89-822-5552,Noah,86 Meadow Valley Alley,2067001353,ULQJOOy1sW,M,Product Engineer,8587218808
67-265-8971,Jillane,54119 Erie Avenue,1547106646,ihpwyOR,F,Information Systems Manager,9480709899
38-015-3956,D'arcy,3 Blackbird Crossing,6201666591,HINE5SP6ID8,M,Desktop Support Technician,2454732890
25-506-3185,Gleda,17589 Sutherland Point,6063383115,drKnU4K,F,Research Nurse,2135566071
66-235-9694,Nikolas,09 Bashford Court,943175364,zYT5qS,M,Office Assistant I,3324882567
89-507-0904,Arnaldo,42 Blue Bill Park Hill,6348035190,rgDfgU,M,Structural Engineer,2884749608
71-882-1609,Lavina,4 East Terrace,7625529509,4WnHW3,F,Research Associate,8000585332
30-821-3848,Babbie,253 Schmedeman Road,8595071128,TCIpLfo1,F,VP Quality Control,7910697236
27-933-0761,Eustacia,91437 Warbler Pass,9710729314,r0WcW0zJj,F,Budget/Accounting Analyst II,1945718684
99-909-0833,Willem,52 Sycamore Drive,1041365950,V5YFHmNXo,M,Nuclear Power Engineer,8801719973
58-377-6119,Geordie,9 Meadow Ridge Park,6636976780,rGPGSkuLSfmu,M,Senior Cost Accountant,3547096642
42-443-9590,Siana,18 Pepper Wood Place,8063328256,C7zbeadf3Ts,F,Chief Design Engineer,5208126737
51-213-1123,Rozalie,083 Lyons Lane,7969575633,T3ApixQK2j,F,Senior Cost Accountant,4764757273
91-117-2637,Charlena,02 Barby Way,8683500756,lgfud4K9ri,F,Biostatistician IV,4636862244
97-701-0936,Sigfried,2766 Crownhardt Street,9280020331,bemQZOr,M,Automation Specialist I,5877863649
52-620-1235,Aileen,5096 Stone Corner Court,4545014038,LQv3kHmx,F,Pharmacist,1467213144
08-432-6395,Riccardo,129 Maywood Park,7014882813,WPE8ZkV9u,M,Human Resources Assistant III,4300547106
03-686-3442,Seth,9138 Weeping Birch Alley,2309338311,eMVXWUp5T8P,M,Community Outreach Specialist,9420995291
24-560-5808,Amery,60403 Randy Center,8377199432,tgb9p1vT,M,General Manager,2589065159
36-674-5730,Matias,9 Fuller Trail,3684462632,XW6r2q0iGa0p,M,Legal Assistant,3905251787
56-184-1998,Fania,653 3rd Parkway,9849664118,i3ROvP,F,Geologist III,5803272183
98-081-9123,Sharona,5 Emmet Parkway,7437949091,Tzy0b8N,F,Health Coach II,3829841590
45-296-4932,Aurore,68 Ryan Park,9264979581,CoyYWYzRW,F,Information Systems Manager,6001920303
98-262-5141,Bradan,2784 Merrick Center,7712205027,hxu2cmSj,M,Paralegal,6948599443
14-666-6769,Gian,16 Pleasure Crossing,36866288,7Ma5IxaXaihh,M,Paralegal,9218851578
12-542-4515,Cully,7 Golf Alley,6075745432,H0B2EPjjH,M,Help Desk Technician,4762079332
88-943-0044,Karlis,00 Scoville Park,7317736066,9IyMRWqAO6,M,Graphic Designer,8474119650
94-836-4233,Zebedee,56165 Ridgeway Drive,7992620755,kFIChK,M,Speech Pathologist,9248510507
62-110-9049,Bart,927 Talmadge Circle,3515018964,ywuk1lQz,M,Electrical Engineer,2138200981
74-367-7641,Rosalyn,91081 Service Court,9190546,fvD0cRvs3r,F,Tax Accountant,7488599888
96-746-3743,Ginny,1806 Katie Terrace,5215832587,1AHdO6WjGgly,F,Information Systems Manager,4024186957
01-628-1534,Renaud,1071 6th Parkway,6093844595,9VB1eLHQ7,M,Clinical Specialist,7249721607
13-846-4574,Lezlie,5657 Drewry Parkway,5697492618,GxgA1MGc4q,F,Help Desk Technician,6466842126
11-225-4901,Sylas,26939 Fair Oaks Road,7673374161,WEzVvdKmfY,M,Librarian,1920478639
29-504-5366,Solly,3112 Eliot Street,7391544698,HcWwxDpxtVE,M,Staff Scientist,3388977232
73-094-7786,Caprice,75 Lien Hill,8965486009,mVvCeFZ3fmr,F,Junior Executive,4302881763
08-590-0625,Elnar,85020 Wayridge Road,9865162199,pKmjDQ1,M,Dental Hygienist,7779084914
69-172-0557,Augustin,4 Bowman Junction,9371514086,gysi26BjawVA,M,Sales Associate,780345940
54-207-4382,Jon,2 Mayfield Park,472486608,enQFbCxmMhYn,M,Registered Nurse,907749992
63-864-6552,Imojean,9063 Scott Hill,9676892610,lrrG5qbp2,F,Cost Accountant,7888756042
43-904-7097,Sadella,43 Dapin Terrace,1393135366,vWUuk3uXI,F,Office Assistant II,6958754867
96-518-4588,Ariella,02491 Mosinee Drive,3466748097,2vSHKTNU,F,Registered Nurse,6952116508
06-918-9562,Euell,3 Alpine Center,9435926258,hsLgRXV9ZYBy,M,Tax Accountant,7942158764
68-152-3791,Millisent,292 Evergreen Drive,1128534444,Uyp53ZxbfSwd,F,Associate Professor,6596961591
39-206-5877,Nevsa,07314 Summerview Parkway,6738004877,6qtScglss192,F,Chemical Engineer,9041076336
31-160-9816,Justis,03 Mcbride Circle,7225395769,iy5xsmd3mmF,M,Nurse,7164070067
44-820-1797,Bennie,76249 Cordelia Parkway,5649670005,2Mcks0s9W9lb,M,Environmental Tech,9218144367
05-260-9345,Iona,96 Kenwood Alley,8501565717,Z9ktAHhDo,F,Structural Engineer,3861838788
38-026-7057,Julita,9 Twin Pines Center,3538346194,YFSZUXA,F,Data Coordiator,2195386525
06-515-7350,Ellissa,7 Heffernan Alley,672847523,YoRS073M,F,Human Resources Assistant II,6975982538
98-196-1500,Joann,5767 Grayhawk Pass,9011487028,GlabnCrVtqQT,F,Software Test Engineer I,9315305736
16-656-5373,Rosmunda,3713 Red Cloud Circle,929251989,8dI3kHTSh7T,F,Paralegal,2239672757
53-645-8579,Doe,4 Westerfield Way,5398240196,j7n2s8,F,Database Administrator I,8343773578
65-649-8124,Drugi,810 Eliot Hill,7158312305,dadXNd1kfVG8,M,Structural Engineer,4401018702
64-855-5485,Jerrilyn,59617 South Parkway,5100723904,8QtgQa7,F,VP Accounting,7645937068
51-473-7179,Rhona,04886 Kim Plaza,6742967110,mJBP7JPjH,F,Editor,1331465605
34-036-0587,Derron,4981 Autumn Leaf Point,9213533683,R2vaN3,M,Software Consultant,1579763634
27-889-8629,Ingar,8135 American Plaza,1636387616,mZj8vgBzk,M,Mechanical Systems Engineer,6874924346
14-273-4989,Olivier,5 Coolidge Trail,5883393780,G7xoJk,M,Editor,7321272486
62-310-1717,Germayne,011 Jenna Point,3687796744,QBBAfeuyaw8,M,Geological Engineer,516858343
43-416-3800,Verine,6 Waubesa Pass,6832241232,GYXouqD1jyE,F,Data Coordiator,1898764980
18-860-7023,Kristen,1 Armistice Park,9586338401,zz67icwm,F,Business Systems Development Analyst,6675786059
06-010-5747,Rosaline,8175 Clove Hill,5942529272,L4l1ge,F,VP Marketing,4911029668
81-527-4024,Sean,9 Marcy Junction,3649507129,0bhKovj,M,Accountant I,1112907335
82-577-1663,Tanner,34040 Karstens Hill,8376235001,iurKhWJ,M,Food Chemist,2643923197
43-330-7915,Hewet,63 Mccormick Terrace,5071849208,ceM04BqzAB,M,Web Designer IV,41911067
57-388-5493,Otho,88 Onsgard Lane,503388904,fKSsNL,M,Cost Accountant,3545127443
51-676-2146,Denny,11 Judy Drive,3591570702,gBj8lv,M,Research Assistant IV,4732117872
86-236-7448,Saundra,80 Utah Hill,5195540993,7V9OPsSPD,F,Account Representative IV,2642892786
95-825-0768,Winna,66966 Bobwhite Point,2604077167,rG6IvY,F,Compensation Analyst,3257181191
92-839-1386,Jakob,246 Schurz Place,1994731052,vDrHjQS8svy,M,Administrative Officer,7338172226
87-438-2229,Ardeen,8 Clemons Crossing,7728464078,hN7CPO,F,VP Product Management,4500311394
00-479-4064,Elvyn,828 Hudson Court,2481214145,cX6ExgiGK,M,Legal Assistant,6264780464
29-687-8986,Mervin,52 Springs Lane,1699597723,a2w3RXP0f,M,Research Associate,8816114088
46-649-4372,Candis,0608 East Terrace,8271690612,ViB9U7aCFt8,F,VP Product Management,4086965798
36-648-0263,Nealy,102 Vahlen Road,5191211170,oWk2rjuisP9,M,Help Desk Operator,5211719565
95-029-2127,Meryl,8674 Hovde Avenue,1739730933,X9ExiJ3,F,Budget/Accounting Analyst IV,7390390735
20-192-6817,Adrien,4725 Lunder Point,3392156949,wda3g4SlE,M,Occupational Therapist,2206961636
86-151-2561,Kearney,461 Schurz Alley,7261535931,DqLO8vAdk,M,Nuclear Power Engineer,5079024992
75-164-2279,Felicia,00 Ronald Regan Street,1192746619,AJx9GghyPO,F,Account Coordinator,2225860947
68-521-8172,Wat,20465 Anzinger Junction,638557453,3EpgR7,M,VP Accounting,7978979253
85-233-8830,Delly,31 Grayhawk Circle,9627414212,MkFv5u8qi,F,Sales Representative,3111296253
56-139-6787,Dunc,958 Harper Point,713791810,WAtXx3V98,M,Software Test Engineer II,3553773855
28-395-2448,Zarah,09145 Petterle Trail,8744098529,iH51UEKr2,F,Developer I,9003624682
37-406-6712,Marty,00 Melby Trail,9390436818,6Vfg90vbfF,M,Executive Secretary,7702840749
02-727-6450,Melany,5479 Laurel Center,1719114366,Qz7LpKgTtdSL,F,Sales Representative,145630978
98-760-8827,Bucky,60550 Scofield Circle,1133362427,iY7MuBCdPPfL,M,Associate Professor,1909626465
43-735-1267,Bronnie,543 Summerview Park,2154106285,ZuSLLCOjOr5B,M,Assistant Media Planner,3830091656
43-215-1016,Oralle,1 Schiller Parkway,7629525087,mKcN67Cfi,F,Staff Accountant II,9778993890
64-634-6891,Lesya,1460 Manufacturers Crossing,3475477572,EYwGPGuC3,F,Teacher,323186718
53-043-2027,Kurtis,86962 Chive Trail,7637138798,NQPyIQ,M,Financial Advisor,6082063341
97-663-8409,Garnette,89 Comanche Center,2116503841,ixSyLgZEeEZM,F,Human Resources Assistant I,9731612394
67-277-2277,Darcy,5 Pond Street,4242419570,kQojrhpAWbWJ,M,Assistant Professor,1271604450
56-926-2953,Cherye,8928 Pearson Terrace,6907455374,vzeWASOFMhh,F,Dental Hygienist,9731112103
97-155-3189,Katusha,00477 Oxford Parkway,2682131034,JMQ5ZH0cUYA,F,Marketing Assistant,9126200554
12-580-9046,Marci,1010 Briar Crest Terrace,2589521154,r8cv01ZCP,F,Senior Financial Analyst,5923259796
08-905-0742,Tony,3480 Ruskin Park,3408943648,iJzXtP,M,Chief Design Engineer,4237337146
16-378-0226,Mildrid,28 Menomonie Circle,1941377777,wJ9k4OUqUj,F,Human Resources Assistant II,2520251123
60-757-1198,Emmalyn,059 Elgar Drive,9591757387,iJc6iUb,F,Geological Engineer,6185766353
26-003-1712,Ernaline,2 Spenser Pass,1125559055,AdhDajZO,F,Graphic Designer,1708812148
24-606-5962,Reggy,683 Forest Dale Avenue,3532622130,zIsg9HX7,M,Product Engineer,4198025479
09-866-2878,Dannie,1 Brown Terrace,2257030117,b6YAn3D3u2xF,F,Senior Financial Analyst,510062911
22-793-2470,Rene,46 Manufacturers Drive,8204244045,e1XayBIq2su,M,Health Coach I,286208555
15-240-6091,Ebonee,112 Anhalt Junction,4372846827,iVag3QT9S9,F,Nurse,8740676714
75-355-9418,Ethel,96004 Golden Leaf Hill,7241820177,iFuMrMj,F,Research Assistant III,2520039345
59-751-7195,Christoph,7601 Village Green Avenue,1413324754,f5iCU1rk,M,VP Sales,5977743343
42-279-4192,Kittie,152 John Wall Drive,9966902368,hKKvt8hlxi51,F,Cost Accountant,846313529
26-851-2703,Shawn,240 Commercial Plaza,1270046543,kRwgYM,F,Mechanical Systems Engineer,809115921
66-048-3035,Marillin,37 Lerdahl Court,9871865333,p3Ltoj64G2v2,F,Research Assistant III,91603617
11-324-5756,Kris,1120 Pawling Park,8193510437,8HWFYFbmj3,M,Recruiter,6982032698
94-772-3649,Patrick,2 Buell Crossing,2890823458,gWbBgr,M,VP Sales,3931948641
57-572-8201,Hilarius,8 Eagle Crest Road,8044599762,pkixsqe,M,Director of Sales,8790316274
59-918-6840,Cchaddie,01608 Fulton Junction,6706997692,F6hgjRiwPiV,M,Data Coordiator,7052011905
79-914-9615,Ashien,27 Merrick Lane,558510604,tRHtrzLNhKGM,F,Food Chemist,7153257683
02-447-0763,Aurelie,593 Pennsylvania Place,7812717305,F3XlwxUwQzU,F,Staff Scientist,4392676617
33-470-6636,Gay,4826 Clove Way,8224645002,Irk4p6DJlH,M,Assistant Media Planner,8031096627
24-598-1093,Kiel,9727 Pankratz Crossing,7657178795,0NSP2dfmVdVb,M,Social Worker,3548884849
64-999-1092,Hubey,3 Holy Cross Plaza,7676180791,oLXv0N1uizy,M,Nurse,6413402970
04-360-9544,Ethelred,85 Springs Avenue,9166256003,jCBjXt,M,VP Accounting,589201107
08-636-3485,Rad,06 Utah Hill,7055559251,m2KYYX,M,Developer II,8728726022
97-753-4866,Franciska,4509 Monica Street,2340494168,47fc5XXM,F,Professor,926208799
53-780-4571,Karim,06600 Lakewood Gardens Place,9031090441,IPBUUj,M,Programmer Analyst II,4307529650
67-153-2858,Ossie,220 Schlimgen Drive,6162373185,4z1roodI,M,Chief Design Engineer,3408538212
68-002-9165,Dalis,9 Stoughton Center,6493849616,XlCY5Qwn,M,Budget/Accounting Analyst III,2733482653
27-212-5133,Deloris,5 Warbler Park,9203453202,o3aIhSmT3,F,Legal Assistant,1668857685
06-081-8300,Rusty,4034 Coolidge Plaza,6494124410,olnHjXBZTw,M,Associate Professor,6055482045
02-930-1585,Modestine,2 Monterey Junction,1610171438,6NfYXR,F,Software Engineer I,4844801708
92-721-9012,Reggie,3 Fordem Avenue,9556892400,kckVoF1WBBJ,F,Executive Secretary,2999900635
50-250-2614,Louisette,282 Scofield Place,9869280897,huOn7ffL,F,VP Product Management,995921903
70-044-7121,Arnuad,5 Summer Ridge Park,1247602494,2rhqESafvUGP,M,Compensation Analyst,8055847932
79-877-9853,Michal,9 Kensington Center,3316751920,4YlrZHHVNX,F,Software Consultant,1972028979
02-090-3414,Barbara,65725 Gateway Center,8922320028,TPfXwp,F,Senior Editor,6536341503
90-659-5388,Zola,80 Mcguire Drive,2045424405,yg8rW4k0PkYG,F,Senior Editor,719465265
44-601-7322,Thornton,1 Jackson Avenue,4403968090,2oT5IzpPxqh,M,Technical Writer,6706236691
77-024-9340,Myer,0 Fallview Hill,3812321181,Q6LFlpjceM,M,Actuary,537916938
16-445-1808,Denis,0626 Valley Edge Terrace,1999190823,SXpSDDaJ,M,Senior Quality Engineer,37626094
45-569-1845,Filip,08906 Pepper Wood Center,6587143962,wFsdvCWYxZXV,M,Clinical Specialist,8060203002
02-119-5822,Parrnell,38 Havey Drive,6667410193,Wyww01,M,Librarian,441382207
68-162-2115,Augie,41355 Waubesa Avenue,9702175178,Nj2VTl,M,Analyst Programmer,3720478157
36-810-1829,Marcile,94372 Washington Way,9187369257,hMNLdzLJVL4,F,Assistant Media Planner,4319845722
38-961-8941,Elna,3 Milwaukee Drive,8247329158,dxeO0fP9O,F,Software Engineer III,1085484025
12-756-6224,Siana,4774 Transport Point,1489030395,01a5DLnOV3,F,Associate Professor,1660962595
70-537-8005,Peyter,92 Fairview Park,2657749143,boLi8hGmo,M,Account Executive,6900987605
00-353-8741,Peggie,9 Vernon Lane,8965207789,Ycw86sVaAOuw,F,Developer IV,7104184570
55-843-1649,Elia,788 Cardinal Pass,6765589961,XI106K,M,Accounting Assistant II,4906357210
38-904-9922,Bernie,9 Schiller Place,139768092,dIYZMEs25uL,M,Social Worker,127132171
89-503-6045,Gilli,02266 Donald Plaza,4384932316,xKMyPo4tU,F,VP Product Management,7740133620
13-667-7366,Korey,9776 Sutherland Center,7672117734,K9k9XrWedOf,M,Quality Engineer,1159088012
00-894-0173,Dorine,797 Summer Ridge Alley,2179801157,NOpYZ2,F,Senior Developer,617449813
20-147-7906,Marwin,5 Nova Hill,7039309947,yy7yXEXaFB7,M,Staff Scientist,8418164263
17-894-7041,Marni,64892 Hauk Lane,3915784400,aTIRy6u,F,Design Engineer,7869151882
49-107-9693,Josi,652 Ronald Regan Court,2583654179,Y13dTR,F,Product Engineer,2339471958
25-641-8752,Wyatan,9451 Porter Junction,2341732674,8x0Tqhds,M,Librarian,1627948112
35-727-3256,Baryram,77377 Mendota Crossing,4188696850,iiFqhNYgaT,M,Nurse,4761880929
24-091-4986,Dalston,444 Schurz Hill,5241916547,Mfvt3B,M,Software Test Engineer I,6379845763
75-792-0428,Florella,04162 Hoard Circle,2951550669,FU9dtX7,F,Design Engineer,4643079630
07-615-1832,Erasmus,838 Mayer Junction,3795871956,IqryIrsOwt,M,Assistant Media Planner,9085292174
53-371-4829,Elwin,1660 Mccormick Point,6062870497,edVONWpr7,M,Financial Advisor,1782806822
99-839-4743,Annora,5575 Lunder Junction,2255750368,rRWu1UBXtMMw,F,Payment Adjustment Coordinator,5988096883
26-477-4245,Patrice,6 Bowman Road,4375521813,XwecBvcFZi,F,Physical Therapy Assistant,7406192916
56-105-0834,Gustie,6 Carberry Road,8112159513,qYe3dAG,F,Legal Assistant,7169281260
69-192-5773,Meris,333 Beilfuss Street,1341827801,BPRXHUCZQzq9,F,Computer Systems Analyst II,8094133716
99-049-9017,Brander,11966 Mariners Cove Hill,3648135872,WHkTWvcDnQV,M,Environmental Tech,9147661143
31-311-1013,Bathsheba,24765 Old Gate Center,9227978313,TcWuQhLOy,F,Environmental Specialist,6739517452
35-602-6698,Hube,091 Dexter Terrace,942762428,fIQnEQ7cOgky,M,Nurse Practicioner,4461353885
14-209-9177,Maggee,45599 Oneill Crossing,5235013638,uvHVcG,F,Health Coach IV,9822103204
83-024-9321,Rooney,121 Pierstorff Street,9493717119,3X1mGLgDX4Y,M,Sales Associate,9830624366
35-290-9862,Caralie,73910 Dixon Parkway,6234713866,eJAfiUce,F,Financial Advisor,249659018
72-538-8290,Whitney,63 Nova Point,7194994011,ZhEyrlNR2x9h,M,Developer III,3097509941
97-404-1306,Crosby,17 Orin Place,6403809210,7zW74iPDlb,M,Business Systems Development Analyst,2752543816
26-742-2246,Ariadne,95159 Messerschmidt Pass,2834942854,kxmmVp74,F,Developer II,1992172714
51-249-5403,Felipe,3279 Kropf Terrace,1973997479,bMGbxpgRxB9,M,Developer I,9425695318
65-151-3213,Gladi,774 Forest Run Point,8891239607,NrA5s3ZERF,F,Quality Control Specialist,3493531826
86-634-1828,Rustin,91251 Oxford Parkway,5892300862,GTEg1O3Y,M,Programmer I,2564851428
72-753-9656,Harry,87 Ridgeview Pass,5811818009,tHupwbR,M,Analyst Programmer,1640524371
27-312-4779,Odille,89173 Paget Trail,4857073005,8OBA7jw4z,F,VP Marketing,8167244520
19-167-4411,Jody,43530 Redwing Junction,8107331745,WN2ah9L7DW0l,M,Registered Nurse,7061644931
67-721-6145,Lenna,50 Algoma Place,5468685833,mtBkawD,F,VP Quality Control,5795835013
79-059-8241,Jacenta,57 Russell Alley,5632947777,Vrq99kJOzS,F,Administrative Officer,3642266886
06-625-3218,Janeczka,809 Lunder Alley,9956723819,3eROq0,F,Administrative Assistant III,1267790334
94-075-9062,Ameline,082 Ramsey Pass,5506883625,NpRtMuCm,F,Information Systems Manager,8810602218
89-392-3815,Maje,012 Leroy Drive,1202148719,vRlFF2,M,Account Executive,5174580341
68-427-1547,Fran,03035 Fremont Junction,9268167956,FWudZQzbFFw,F,Budget/Accounting Analyst I,8950981076
66-705-8310,Johannah,22 Forest Dale Street,359340776,uqylx7,F,Systems Administrator IV,3728541370
94-475-2261,Kylila,43576 Dahle Crossing,1734976764,Lqtfrgr0ijYs,F,Web Developer I,1736874225
13-399-3328,Gisela,3155 Hanover Plaza,3023728046,1CiQG0Pb,F,Occupational Therapist,9533806184
26-817-0829,Cortie,55 Aberg Terrace,2855603013,jnxxUW6,M,Marketing Manager,698486714
46-047-4506,Vivie,86947 Corry Plaza,2587837529,w9hweEwYYLW,F,Senior Developer,8033214554
19-614-3473,Jayme,04850 Kings Parkway,1791623573,4i10jO,M,Engineer III,2998554318
45-425-3764,Maddi,0539 Meadow Vale Terrace,8905067174,EZX1p7lAm,F,Pharmacist,241949114
68-931-6617,Shelton,55591 Sugar Center,1220661651,62lDKMmbOxi,M,Data Coordiator,5861324174
91-140-3674,Kory,0013 Valley Edge Hill,9675411996,X9TLPEBwL,M,Technical Writer,1637784791
22-461-5552,Kev,7 Corben Drive,3994473829,vwqnsi4Fev,M,Structural Engineer,8356624487
88-634-9196,Ellerey,9699 Gerald Crossing,8695475239,SrkObAle,M,Nurse Practicioner,8389940582
88-808-4343,Port,12 Grim Center,2016846593,daU1ndTl,M,Mechanical Systems Engineer,5498696426
32-268-9852,Nicolina,6265 Dixon Park,8666726709,wiL8bGG,F,Librarian,5918544682
27-407-0668,Corly,508 Huxley Avenue,4667613904,8M8Ooaav1lp4,F,Software Engineer IV,6727558914
26-485-5877,Bruno,408 Schmedeman Crossing,8309257775,rd9nFCR,M,Senior Cost Accountant,7872791471
49-216-9731,Rickie,9730 Charing Cross Place,857498061,uQtnfB,F,Senior Cost Accountant,9135174986
41-633-3411,Clementia,1 Cherokee Alley,5922361074,2aLM24M,F,Occupational Therapist,9298773641
74-158-4501,Clo,58974 Reindahl Pass,7223966548,DWqjnnoX,F,Health Coach III,2823736204
63-315-7485,Ephrem,24 Hooker Crossing,3797133944,s88ONYekWBoz,M,Director of Sales,3759809839
38-299-5853,Angeline,9467 Oakridge Crossing,7614888820,2iBoQWg4mmJ,F,Compensation Analyst,5174187755
12-744-1512,Mortie,2 Nova Alley,9859081794,zAIPnghz,M,Sales Associate,4192164361
72-559-0211,Seamus,7667 Duke Park,7431028873,p6NEndv2bE9R,M,Business Systems Development Analyst,6078646303
20-497-8553,Ingra,750 Daystar Point,558589898,QNFtRlB,M,Research Associate,731405005
23-432-2516,Raquel,074 Weeping Birch Alley,2135718262,Y6h1X6Gp,F,Mechanical Systems Engineer,8297199223
82-027-5949,Shurwood,73 Bashford Plaza,577441590,4VM4zPigVhX,M,Accountant II,6140187109
62-041-5110,Ericha,0056 Schlimgen Street,2556508973,tADUUjYPlY5,F,Senior Cost Accountant,8782611165
18-126-8801,Darnall,30 Mayer Alley,4932455216,NvuSm2,M,Technical Writer,4904273168
00-254-7019,Jeremias,0 Macpherson Circle,1714001296,ilwgXm0,M,Nurse Practicioner,9302923614
02-847-8129,Emelda,3 Havey Place,3764504854,JlWjvFR,F,Web Designer II,3816098630
10-027-3838,Suzanna,57 Sachtjen Court,1029014205,TG9SzSn,F,Research Assistant IV,4759992499
70-565-8014,Ava,299 Parkside Drive,813379261,c496oLr,F,Automation Specialist II,7198247083
92-263-3908,Marquita,96 Homewood Trail,5248528100,Ntn2BQl,F,Senior Editor,5466907634
72-062-5629,Hubey,118 Sutteridge Drive,7730620707,3jmeWgHo16,M,Project Manager,4045816984
22-678-8921,Yvonne,0 Manufacturers Street,943340365,thZfVW,F,VP Product Management,2807544142
18-525-4473,Laney,53 David Park,1116071967,oR2hxT,M,Staff Scientist,8501580589
90-225-1199,Buckie,59 Cody Plaza,5411036585,XYXwUfjhWb,M,Automation Specialist IV,491282028
91-362-3207,Flin,06 Independence Street,5886897356,H9RzmQMcvdc,M,Marketing Manager,8834341422
41-709-6974,Beltran,8983 Rutledge Hill,7513877815,vvHArE,M,Health Coach II,8461595505
01-605-6252,Barnard,162 Comanche Way,7830929602,hi1bsrbYN,M,Registered Nurse,3688394399
51-869-2142,Torrance,53 Calypso Road,6233437113,e6vnWPMxHi,M,Cost Accountant,503594040
31-454-9753,Rusty,22292 Evergreen Trail,4137527202,y1Z9NPi1bb,M,Quality Control Specialist,1963018478
07-266-3308,Lida,5 Fair Oaks Way,8664779015,QEb9YFt,F,Data Coordiator,9531747555
01-064-8845,Adam,13 Hayes Road,8123330804,ksxKLp6Wj,M,Senior Sales Associate,4366959011
19-898-1718,Larine,7578 Twin Pines Crossing,802371248,NmbxWYpRa,F,Budget/Accounting Analyst IV,5484025419
18-942-7659,Yalonda,444 Warner Lane,5300716731,8RHNKa3j,F,Quality Engineer,8044940456
77-760-8245,Debee,1201 Sugar Avenue,5389494733,CGw4ZCaH,F,Senior Sales Associate,4004976316
19-100-2018,Louie,594 Spenser Parkway,2867636116,oBpSlA9yqHp,M,Community Outreach Specialist,9792962107
39-718-9590,Crawford,99 Talmadge Pass,2816658090,mMkDeqnFS,M,Environmental Tech,9863207187
74-247-4379,Gunar,2711 Boyd Avenue,5957313718,5gcJvApej,M,Speech Pathologist,4865516441
78-130-7600,Oneida,4014 Eagle Crest Drive,801086760,cwHV87rfP,F,Automation Specialist I,4153935883
41-948-0840,Stefania,66 Vahlen Place,1722382902,J8orA1ETEc0A,F,Research Associate,7113225306
47-973-5007,Kendricks,4807 Hoard Parkway,5138479911,hCjdMYdf1mc,M,Recruiting Manager,3608080279
42-047-0419,Carson,7241 Manley Terrace,3321895412,S7s2S2ZeM,M,Financial Analyst,195009010
07-686-1382,Steward,9107 Mayfield Way,7469351450,G1WyqfX,M,VP Accounting,4338646055
17-027-2668,Rollins,0 Boyd Trail,9779612939,A1bcuBF9,M,Pharmacist,7622665576
87-653-8306,Samuele,3909 Fremont Alley,4419856882,KN94rVTKtw,M,Assistant Media Planner,3618613776
62-517-0205,Inge,55 Susan Alley,6406222717,zNOGd8rABe,F,Editor,8724613398
55-554-5132,Beret,95286 Hintze Street,5635089518,Y8SUWgoJ,F,Legal Assistant,2772512029
37-082-9591,Bette,260 Grim Pass,7123959434,y317I5,F,GIS Technical Architect,1685907660
59-555-0807,Diane-marie,3 Bluestem Pass,9970695126,jgAIMrWGuQ,F,Graphic Designer,8981264651
76-698-9806,Shari,875 Victoria Lane,2993864394,BBPya1e4,F,VP Quality Control,3166869832
97-809-1839,Fredia,4 John Wall Junction,661124096,dJJ4auP2Mw,F,Chemical Engineer,4211948253
98-742-5261,Sibelle,95 Monica Park,3973108196,lUhqAxUKph,F,Internal Auditor,4912376752
06-428-5836,Toddie,7633 Havey Street,5475816417,HR8TLCYWK,M,VP Quality Control,1227521227
17-888-1961,Clarence,7 Shelley Circle,1906561656,eIcuoND,M,Chemical Engineer,8935363561
15-330-8016,Pyotr,708 Mcbride Place,5461735746,8iDtdRal,M,Legal Assistant,1345409338
86-562-6063,Rafael,01484 Corben Court,7397527817,PCFfsz0WG0Jj,M,Environmental Specialist,2056115654
97-474-7648,Cecil,48 Lighthouse Bay Road,3781092895,A9K9XQRQr,M,Recruiting Manager,9752440525
48-312-6339,Brodie,3 Darwin Street,6518956178,GiSUupHO,M,Senior Sales Associate,1012985741
66-119-6105,Sauncho,53392 Randy Drive,1472352831,o8cmCZ,M,Programmer Analyst II,1732352682
48-363-7093,Tab,2 Talmadge Circle,5477481595,NMG9eBY,M,Graphic Designer,9295847490
73-411-9811,Malina,6 Rieder Circle,4205367228,dMO5eQVyib,F,Tax Accountant,2649678720
64-317-4535,Ricki,3347 Arizona Circle,431823103,OnAqjwRVbg,M,Social Worker,979746744
04-097-6887,Luci,351 Hayes Alley,9973702077,trX3o9gL,F,Quality Control Specialist,7158640078
32-918-4797,Sampson,57469 Myrtle Pass,2602179094,dHnf4wlu,M,Electrical Engineer,47771836
61-962-7313,Agnella,9060 Reindahl Parkway,8078017626,nYQGfg5IfPL,F,Speech Pathologist,3170291769
43-003-2611,Dana,8 Toban Hill,3047944342,luHZnE,M,Data Coordiator,5508238255
44-405-4569,Tildie,8195 Oneill Street,1936374897,jdkRbiUAJhZ,F,Data Coordiator,8653727191
01-641-0043,Reginauld,07473 Ridge Oak Crossing,2428085018,uGThpxKAH7I,M,Assistant Professor,2394349972
53-829-2696,Benjamin,0 Crownhardt Court,6035511112,CV0tg8ca2zaK,M,Occupational Therapist,8201137574
57-236-4642,Alexandros,4 Ruskin Way,3639575350,GVYPTlbvBaU,M,Physical Therapy Assistant,7379568531
07-945-0618,Griffith,75934 Corben Way,7267831273,Lyp1sQKu,M,Help Desk Technician,1896255051
48-015-0083,Jacqui,636 Monument Plaza,7867893393,eQKHIYF2quY,F,Payment Adjustment Coordinator,9958957965
74-311-4763,Mommy,631 Bowman Place,1957749822,OuI1oNCP,F,Help Desk Operator,1539406407
11-763-5058,Erl,5 Village Green Point,8977874467,1LyXlWT6W1KW,M,Analyst Programmer,5286579213
93-447-7609,Rita,0373 Oak Valley Park,9121170657,myeCVpi5mi7,F,Data Coordiator,7920598362
41-490-5405,Maison,7202 Moland Alley,408402032,LN3yQqa,M,General Manager,952033712
61-581-2556,Bruno,334 Bartelt Plaza,9619596455,Gqomom0HB,M,Tax Accountant,2727611749
76-122-9671,Nananne,581 Center Street,4994437041,2wgIQSRkR,F,Sales Representative,3909810713
86-907-0964,Keefe,1 Nelson Circle,1543173586,eZbGq4y,M,VP Marketing,1839369787
65-254-0981,Bev,80685 Twin Pines Alley,1841881899,Fn8RsN,M,Safety Technician I,9076146292
21-454-7151,Dorie,0147 Riverside Point,4304193686,CrJZ4gQ,M,Assistant Manager,9702431573
02-900-7277,Cleon,7 Hintze Lane,1286641004,CQn0i6842Y,M,VP Sales,4854900067
05-510-4428,Madlin,86362 Rigney Drive,4359688555,cc96MjvX3o,F,Financial Analyst,834987880
37-185-0520,Libbey,88314 Chive Alley,7692173141,71gcgc,F,Geologist III,4275329619
36-858-3363,Georgeta,75 Oak Valley Park,7780091473,mVbmd5LtMzB,F,Human Resources Manager,1247825833
84-282-2985,Kiele,1 Katie Trail,1839797185,GDRdKiK,F,Dental Hygienist,2371592323
62-721-3709,Alvera,13 Golf View Road,5872387172,nR2fD5uVXs,F,Product Engineer,1079596631
03-302-8634,Saloma,88392 Toban Drive,616232748,JVMDg2,F,Environmental Specialist,5811298889
88-621-2581,Fifine,943 Michigan Alley,814418112,RlG5L1Whvez,F,GIS Technical Architect,6423568421
35-032-6926,Chery,84925 Shasta Junction,8723780479,gCJ3MkD,F,Account Representative I,3419800983
27-717-4601,Tobin,454 Emmet Point,8705149207,wDQZ5Upgx,M,Statistician II,1409065480
46-656-2661,Hube,2 Carberry Place,8641519084,azUKgahV8xKB,M,Paralegal,1070769010
25-669-7708,Mikey,3 Walton Plaza,1428003541,fwSUVIZR7VkV,M,Software Consultant,1016891210
11-403-3094,Lilas,39823 Hoard Street,6884439858,YFIX14xWT8,F,Nuclear Power Engineer,2228087424
59-251-2920,Jillayne,22882 Dennis Pass,2614106046,ZVw3pUBh1Ug,F,Human Resources Manager,1751478599
35-002-3799,Vivien,01936 Transport Pass,796700982,QoPDrWMHT,F,Librarian,3479301029
30-386-9536,Virge,3 Springview Drive,905311213,R9GY0WiFnM,M,Account Representative II,1301566349
64-615-8388,Delores,93241 Hayes Park,4444689196,5u43Ol1fd,F,Accounting Assistant IV,1877787388
50-919-7313,Lesley,80648 Johnson Trail,5342408555,0G9fxHeLU,M,Financial Advisor,2922815765
12-035-3116,Thadeus,172 Village Court,812389050,sqEOjaoXtu,M,Nuclear Power Engineer,9356259437
54-955-7878,Misti,04 Anzinger Terrace,9672045123,Srl2NszOM3v,F,Budget/Accounting Analyst IV,7982421466
46-089-2483,Way,39316 Anderson Plaza,8881235595,TWiYar,M,Software Test Engineer III,9987112749
05-589-0217,Shaughn,654 Loftsgordon Court,6840121712,z4o4mv3,M,Quality Control Specialist,2864100770
61-507-7307,Filmer,6385 Michigan Drive,7525789665,MrOGEIp3Pi,M,Environmental Specialist,2052787240
07-097-3659,Rosemary,6775 Elka Court,9466868896,Pl0mH9pqO0t,F,Engineer III,7101802125
68-231-5949,Esteban,45 Armistice Alley,3714332480,kFVEqupq,M,Geological Engineer,5011981908
95-401-7209,Galven,4 Barnett Road,5566686370,K3S3UAaiVS,M,Engineer I,9584714376
74-100-2021,Elwyn,3 Boyd Alley,4929147328,q2b7jH8LLrZD,M,Help Desk Technician,7817965242
35-127-8302,Giraud,450 Summit Plaza,5763169883,oOzeqIcoUOwD,M,VP Quality Control,5671636329
85-835-1388,Arnold,9628 Sunbrook Pass,5286333389,Q0ug9OpTI7,M,Automation Specialist I,1819304108
02-475-5865,Teriann,5989 Katie Terrace,3291959086,TEcdqpEzC,F,Systems Administrator IV,4016217997
67-141-2190,Anthia,525 Twin Pines Point,6894695296,C9J4M5,F,Help Desk Operator,1545732353
54-822-2559,Beauregard,1466 Lake View Pass,8908483683,8wpI52SihGop,M,Analog Circuit Design manager,9821626645
33-000-1513,Charmion,43 Golf Course Circle,9223239966,9bc8XLB,F,Safety Technician III,1058501666
33-684-3660,Stephenie,8 Moulton Hill,1613857519,yZRoLgtSh,F,Staff Scientist,183048768
40-244-7030,Boyce,5658 Melrose Point,8622144615,lDZdZN,M,Senior Cost Accountant,5864296031
39-331-8532,Cornie,52508 Twin Pines Road,7990879972,W7KNqn,M,Quality Control Specialist,9724046257
63-696-0587,Luis,6 Monument Park,1906705712,0toV384ft3,M,Food Chemist,5491517305
38-175-7360,Marylynne,53 Donald Avenue,7106808563,2MFP6GlWQqH5,F,VP Marketing,6215592889
06-988-5046,Chase,07 Knutson Plaza,1053078366,Za2Yx3O3Wy,M,Director of Sales,7416748232
65-852-8778,Dilly,18330 Norway Maple Junction,600805964,z7T5u5AIiU,M,Dental Hygienist,8785631345
39-187-0861,Colly,4470 Fairfield Terrace,8049981991,H3FAcna4r4qJ,F,Electrical Engineer,7908963676
18-906-7756,Donovan,0658 Colorado Trail,4350891943,Wm3oVp2LfG,M,Technical Writer,9134446818
67-173-6705,Kelsi,71 Schurz Avenue,2174457555,Oh4KWXpyVS,F,Staff Scientist,9829463052
60-755-7752,Gabi,1559 Mccormick Way,8008116625,qgS7tVO2Nur,F,Civil Engineer,294942807
85-070-6823,Almira,330 Talmadge Street,4890816194,vCYfyXm8q,F,Systems Administrator I,4894791722
38-388-3191,Mufi,79 Hallows Terrace,9474030499,X752LPayZ,F,Staff Scientist,678870721
80-085-7647,Evan,00 Hoepker Center,9500487160,p9HNAQ2,M,Media Manager III,5084657272
95-017-1986,Karim,97 Burrows Way,1622520254,SAs6jhCk1fFk,M,Software Consultant,3089426668
57-929-9252,Veronike,808 3rd Trail,8051720407,rQCYYIUMMZM,F,Staff Accountant IV,1204440794
14-796-1961,Lorry,802 Washington Terrace,592718468,e8I0rKwGEo,M,Senior Developer,239810007
16-879-1612,Levon,99438 Talmadge Point,1522035672,39WeQxU3v,M,Chemical Engineer,1306745284
75-664-7178,Tomaso,84657 Longview Way,8600366089,DOR9bEaXjuL,M,Design Engineer,2855471249
70-457-7246,Yulma,21 Crescent Oaks Trail,6438832855,cONeAimC1opW,M,Developer I,5609429544
68-962-3380,Eldridge,55 Talisman Place,4398681124,TghFcQIVS,M,Marketing Assistant,9701282809
49-241-7367,Remus,40831 Hintze Crossing,1081016736,KLEftHnNwrLq,M,Biostatistician IV,5288796467
36-139-3269,Roxana,7062 Grayhawk Lane,6637050954,4Z54Ivf0hA,F,Junior Executive,23414405
93-205-5189,Finlay,11 Transport Place,7865380526,nr6doPx7,M,Recruiter,8949347512
30-444-0824,Aindrea,7 Monument Drive,8279559094,6oKV81ktYWIH,F,Actuary,6942925934
38-610-2718,Ward,1064 Sutteridge Way,6332165367,8hKWzNu5kx,M,Chemical Engineer,8558642524
67-498-5461,Cooper,442 Russell Avenue,3041729466,cz27u8Q,M,Compensation Analyst,822108615
22-018-1710,Austina,859 Meadow Valley Alley,2559972263,ecpBmP,F,Assistant Media Planner,595332617
18-942-2788,Emmerich,05925 Buena Vista Hill,8142208032,mnAmZL,M,Sales Representative,8064934222
03-878-7470,Hermon,30 Amoth Park,7622716138,0q10KQ,M,Environmental Specialist,3449584502
27-143-4023,Morganne,7478 Arkansas Court,9035231015,qm6FAiy,F,Structural Engineer,2202923020
01-260-4624,Ingeberg,01 Debs Pass,472886878,xqhwzbNHx,F,Director of Sales,8060332856
28-616-9899,Thane,107 Forest Dale Way,5963652049,miSUcXfNF,M,Environmental Tech,4034613947
12-251-6799,Jordana,9587 Roth Plaza,7722737714,kVVnkxYo,F,Sales Associate,4048676989
05-623-4820,Brant,116 Nelson Circle,3803725399,HOQ5U7cbJgK,M,Technical Writer,1175885703
97-152-0073,Dinny,9 Canary Hill,3447552530,TnXUPkTZmws,F,Financial Analyst,8659364805
60-243-2036,Cassi,828 Haas Circle,1193546478,BGK7l2,F,Environmental Specialist,9575626451
59-816-5543,Shae,7958 Maple Wood Street,9678131919,ScSrq4I,M,Junior Executive,5069283286
06-931-6367,Ben,665 West Road,5780306605,3kYWTjEdfeJ,M,Teacher,951166174
63-444-1222,Gwenore,959 Montana Parkway,762977477,576tFUhPY,F,Senior Sales Associate,2653659743
42-153-8632,Gris,695 Jenna Lane,7010675651,4hLZAyD,M,Junior Executive,6018222655
40-806-5112,Berkeley,48 Stone Corner Drive,3629556825,YBCIRiGN,M,Structural Analysis Engineer,6579986387
30-562-6079,Margarette,6 Bultman Place,672926407,C36sO9yNmbxM,F,Programmer IV,8614613210
05-705-2579,Vinson,8 Corben Trail,8538677306,dnzAtLKH,M,Senior Editor,5247013166
17-667-6732,Vivi,4045 Old Gate Point,617824479,dVdhiAU,F,Civil Engineer,5251063261
38-167-6242,Roby,33274 Canary Street,7249200682,lc2PclV,F,Health Coach III,8273288056
42-062-0661,Reyna,2 Talisman Avenue,2234523346,MEYWswtB8Y8,F,Quality Control Specialist,3436623792
83-145-1678,Morey,74 Carioca Alley,8717980895,P11YfFMjCLg,M,Research Associate,1814165088
26-113-8932,Ilise,33 Corben Trail,9818140877,jV9TFmE,F,Chemical Engineer,6046188865
92-891-3881,Sydel,27924 Superior Drive,1356970699,QWcHC2cyzj,F,Safety Technician IV,5982942227
94-084-4207,Aaren,3 Dayton Alley,8641486577,2Vz4ODC0,F,Staff Accountant I,179594699
15-060-6670,Selig,33 Hintze Court,4553957248,GcpGrNRt9l,M,Legal Assistant,7266777909
62-652-8209,James,41359 Pond Avenue,8039107377,bQpiD8X4Sr4,M,Accountant IV,2260266460
39-988-6934,Mollie,8866 Kings Park,9395698780,88CKCzNf2,F,General Manager,1359510184
14-121-7438,Meir,0392 Westport Terrace,4619864064,reYMhRUuDQ,M,Editor,8329090116
51-681-5321,Othello,9 Calypso Pass,893083712,8Z0yaaS,M,Nurse,6657643039
98-372-7288,Winnie,99 Bayside Place,6036434863,KsBdzObb,M,Clinical Specialist,586022163
66-695-2878,Dud,0 Melrose Terrace,9113420356,7cdfUvBqvo,M,Accounting Assistant III,7327761187
42-793-8842,Mose,873 Lindbergh Avenue,580499774,rR24eYXs,M,Structural Engineer,452308097
83-158-9609,Lammond,2968 Dottie Circle,8968531331,0hDVe4Y,M,Clinical Specialist,4966859395
70-482-6092,Chan,236 Atwood Hill,1727784421,6NxbPMJL,M,Clinical Specialist,3193855340
81-548-2748,Thibaud,900 Veith Drive,519666526,h1lei0Hzd68,M,Information Systems Manager,2094489019
76-797-3912,Minnaminnie,15 Ohio Lane,786024216,6LQlbG6IB,F,Executive Secretary,1817809636
76-025-2714,Adena,31863 Talmadge Alley,3936761876,QkC9Q4B4IQen,F,Assistant Manager,6873853070
12-754-9775,Ninetta,714 Farmco Lane,3151112668,aQqiO8gt6QUQ,F,Web Designer I,8914202178
63-047-8937,Amy,787 Village Green Road,8847534496,1BanzP,F,Product Engineer,4931398006
28-482-2381,Sascha,50592 Memorial Street,8724679682,LgwlQN,F,Human Resources Manager,5661713495
99-065-6446,Alika,226 Sunfield Drive,6906340166,R5tTLF,F,Design Engineer,5382701040
62-005-8788,Eugene,73 Oriole Street,6164312108,Ma2ssc,M,Senior Financial Analyst,9202544697
15-715-8652,Jinny,65615 Hauk Trail,3096580405,2KNE6UqMpF,F,Nuclear Power Engineer,1872318622
58-445-1075,Zorine,84 Gale Avenue,8121767628,ZL6VFVB,F,Accounting Assistant IV,5676550732
27-828-1357,Thorn,27877 Meadow Vale Alley,1204545650,xoJIKK,M,Computer Systems Analyst III,239214234
44-743-9365,Hallie,65 Monument Trail,1312987553,GPr5tp4zsu,F,Speech Pathologist,2918483915
72-649-8721,Estevan,3653 Corben Lane,885016106,v4IYx5,M,Human Resources Assistant II,1374098639
45-364-4761,Damiano,3 Hudson Alley,9980061030,SyuUWPcjNqw,M,Human Resources Manager,8603820627
57-426-1555,Alvinia,9049 Alpine Place,5487793972,qqM7uRpp,F,Recruiter,3892570027
24-662-4204,Barbi,9 Rutledge Park,8639666164,6QJOgXnrh,F,Product Engineer,7741643215
95-727-1879,Lorettalorna,1 Talmadge Court,4564867334,tX1cIR5Z,F,Geologist IV,776883453
76-530-2123,Slade,9832 Katie Center,9952501633,1AnS0SH814S,M,Web Developer III,8000938340
06-882-8118,Cassey,95 Loomis Drive,9943286237,b78Ihi9,F,Account Executive,4851447272
41-997-9093,Pauletta,09 Vera Center,7170670585,PyngylCUB,F,Systems Administrator III,1791978517
61-896-8740,Barny,84 Welch Way,9066838108,j3DSfGB9,M,Administrative Assistant II,7224863610
76-641-8242,Morty,5881 Delaware Way,1459003292,iayLzyTr,M,Project Manager,7475643204
25-308-6001,Conchita,47 Old Shore Parkway,5070050893,YXlTVhVjB4a,F,Editor,2079504061
51-094-5037,Corbet,59 Ruskin Lane,3425324721,xd0uuA4bJntp,M,Civil Engineer,8247051761
01-200-2236,Christophe,457 Hollow Ridge Pass,5420218402,vSUcq5,M,Environmental Specialist,1929606591
96-591-5549,Tadeo,94 Judy Avenue,8826593442,vR3PJPk,M,Structural Analysis Engineer,3969962927
38-721-7909,Desirae,85022 Granby Street,6999391882,cgQ11btani,F,VP Marketing,5166646126
02-502-0685,Nessy,051 Arrowood Point,7484476757,Fxm2oKT17E7,F,Analyst Programmer,2635704627
45-702-5796,Darb,71601 Sycamore Street,395313619,MZMDKqollM7,F,Product Engineer,2484461224
18-002-4774,Simone,2 Hintze Parkway,4297828391,42YUpwyV,F,Engineer IV,4320758188
74-944-0286,Bartlet,4447 Goodland Place,8064593050,qZvH8qKR,M,Quality Engineer,6722999297
28-977-7640,Jase,371 Ridgeview Terrace,250070642,VQPmc8PR,M,Safety Technician I,7365095520
19-908-7006,Maurizio,32 Grim Hill,9267777351,ct2UKep,M,Pharmacist,9767554491
06-989-0583,Henrietta,22 Northfield Crossing,1073392724,qApyXzHgbr,F,VP Quality Control,8038275039
04-395-2206,Maurise,7212 Ronald Regan Hill,54945828,lKujgx,M,Structural Analysis Engineer,9123996463
47-796-1738,Jackquelin,6584 Hollow Ridge Trail,2234233216,B3LAWCZJ,F,Structural Analysis Engineer,8286250966
70-990-4881,Aubrie,3175 Clove Terrace,2062407149,pCk3uTfZy2J,F,Senior Cost Accountant,6745068540
60-201-3468,Aprilette,564 Quincy Center,3591827797,qAJglb6,F,Engineer III,1811021387
55-754-9239,Valdemar,02 Swallow Junction,8161325537,c0ZxdFuuDm63,M,Civil Engineer,3269607946
32-667-6729,Byram,523 Kings Center,2129151671,rx19MAN,M,Business Systems Development Analyst,5304516834
09-245-6311,Seward,09562 Bultman Park,2884852816,jU9pMUiO,M,Sales Associate,6412086528
86-191-1607,Aaron,442 Charing Cross Center,9196223472,28K35cQr5o,M,Design Engineer,805752153
77-766-8322,Elton,47189 Corscot Way,4965232151,WDAp51RL,M,Quality Control Specialist,340329793
42-759-0863,Wood,35 Messerschmidt Junction,1465479112,UlREx391CL1I,M,Office Assistant I,7976142933
10-309-5344,Sascha,74290 Marquette Alley,7465538416,I6lCbYEpU,M,Sales Representative,3793569268
10-407-4629,Zachary,68950 Sachtjen Crossing,6832377835,dNVgEMUF,M,Clinical Specialist,6027811781
68-994-4770,Larry,3982 Nobel Trail,3984179596,3a7GewSj,M,VP Accounting,9416438383
02-294-3501,Corbie,480 Mccormick Street,7602673840,KGMFDv4,M,Nurse Practicioner,8289857780
89-764-4669,Dena,18557 Loeprich Circle,9581188274,c8wCzmfU4,F,Clinical Specialist,5512770349
13-483-4215,Paolina,0 Kipling Pass,8869406733,gZiKaYDUn9tY,F,Compensation Analyst,4480763309
16-383-3208,Martino,012 Grasskamp Parkway,9608476232,v2XjA17J,M,Administrative Officer,4116757357
21-178-0098,Barnebas,4854 Hansons Crossing,7317074616,kQpk5A,M,General Manager,1373346264
80-388-1652,Morna,689 Dahle Road,4619204749,LpIHTaD,F,Structural Analysis Engineer,6024844956
84-023-8027,Vlad,48495 Stang Terrace,2557073857,Lso5tYXt,M,Compensation Analyst,2744347612
16-156-7281,Aurilia,824 Sunbrook Junction,8542029658,JSmc8R,F,Developer IV,4034572825
22-200-7607,Ciro,03615 Maple Wood Parkway,5094249452,uJDpVmq,M,Account Executive,5345434867
66-663-0474,Pat,21303 Tony Hill,4860774507,MX900YJY,F,Graphic Designer,9237960387
83-600-3246,Claudetta,3 Ludington Parkway,9486172536,CldRtfBphAv,F,Senior Developer,3015637339
52-155-6632,Jeri,924 Forest Run Point,3794471024,Uq9BQS5vwz,F,Senior Sales Associate,9235529050
77-129-2403,Berkeley,1418 Troy Terrace,5421785130,OCKZamm,M,Tax Accountant,3501608381
26-501-8150,Lee,620 Ohio Drive,2627885871,PdQkayTlqML,M,Design Engineer,7355750054
77-503-3368,Eduardo,31261 Kipling Drive,7479098294,QA3U0OJEAl2w,M,Automation Specialist IV,5751754581
09-294-5103,Wendy,1 Autumn Leaf Trail,7388558780,RPNC5Q8IeY8p,F,Web Designer III,1548986976
99-020-4066,Bay,730 Norway Maple Terrace,4984181354,EZ4ogVH,M,Nurse Practicioner,693459867
70-475-1680,Laverne,2 Kings Lane,2014237743,SjXrweMCIgJ,F,Budget/Accounting Analyst III,5208633140
50-944-0208,Mandie,29 Kennedy Street,2366676360,V7EZWugb6,F,Junior Executive,8239894763
36-613-2469,Damien,164 Darwin Lane,2874372374,05b84v8aafUW,M,Environmental Tech,2047968550
63-957-4196,Farrel,96815 Karstens Terrace,395228697,JcbMKqBqng1,M,Environmental Tech,5207158031
51-459-4171,Penrod,1298 Loomis Center,6051290087,l2fEegn,M,Recruiting Manager,6029941992
86-620-5270,Anatola,11 Westerfield Court,9714376025,JUYR1smu,F,Accountant I,7853029829
89-128-9299,Mathew,5 Kenwood Crossing,548672806,ssukp8PWvG,M,Associate Professor,9321993614
34-034-3241,Alastair,5 Monument Junction,6127203740,84aWxql,M,Junior Executive,8132082737
88-046-0756,Daniele,2719 Northridge Hill,2268120740,re0n61mcN,F,Geological Engineer,3272145087
70-996-5676,Serene,2 West Center,7155327557,kPgTbayVpK,F,Design Engineer,8200022412
19-822-8433,Jo-anne,8728 Acker Avenue,5670742249,nfiW8Sz,F,Tax Accountant,4489450036
59-816-7477,Mireielle,9 Laurel Junction,5962201167,h9MNwkcle,F,Research Associate,875661904
09-913-4408,Cleopatra,21047 Southridge Alley,4347719698,aP8U6qv,F,Research Associate,769018300
75-489-2842,Shaylah,40 Golf Junction,5206402400,YWEd7Qz7,F,Budget/Accounting Analyst II,7089978702
05-676-4506,Goldina,7 Pond Alley,6412675353,yZ4Oug5,F,Physical Therapy Assistant,5310387692
49-994-9697,Even,03 Larry Avenue,6266877120,q7FPCqthyd,M,Health Coach I,77728661
93-652-9259,Tudor,6959 Southridge Pass,4497835502,C0DcXTM,M,Analyst Programmer,1672676088
36-853-8039,Eugenius,55700 Quincy Street,70662029,MvsHUj,M,Account Executive,6960957818
76-533-4844,Jakie,6877 Forest Run Junction,1201650771,GOVtMUimOMgM,M,Biostatistician II,1380035368
76-623-5434,Rudie,716 Cherokee Parkway,6066552287,gkkPRtV,M,Graphic Designer,9755848231
15-132-5668,Leicester,4523 Manitowish Drive,4567308395,eZ6vQVSJGO0,M,Director of Sales,6419712815
99-715-9489,Franciska,8956 Emmet Center,2525511433,XtlxScxND7n,F,Mechanical Systems Engineer,3538332576
47-605-1346,Umberto,372 Grim Road,59149027,PpHUy1wQ9o,M,Human Resources Assistant I,972339132
44-659-0653,Dick,6 Fair Oaks Crossing,9661945586,bONz6JPxbQv,M,Nurse,3553624213
23-167-1114,Sisile,4644 Bowman Road,4899297262,4cAxhxN6470,F,Senior Quality Engineer,5508960546
82-018-2891,Amble,956 6th Way,1625061617,FwBQbRlVDT5B,M,Graphic Designer,1868080943
89-006-5503,Giorgio,8512 Redwing Terrace,3654186998,IXl5jJG,M,Senior Developer,5654589504
98-020-7555,Eb,9 Lawn Parkway,6403120131,ELQZy3tTk,M,Staff Accountant IV,157021122
57-135-0021,Iain,0 Artisan Trail,5896782543,uunYMAT1k,M,Associate Professor,2914635907
49-514-5336,Juliane,44618 Roth Trail,465131905,11d8CTDRyHjR,F,Civil Engineer,9534945382
09-286-2316,Nickolai,19776 Gerald Park,3432481217,on8ocjzs3k,M,Software Test Engineer I,238928918
74-667-1087,Stevana,59 Buhler Center,2921860449,z4B36PHYQ6LM,F,Account Executive,2953277595
24-940-1571,Bliss,25425 Schmedeman Trail,5886640533,VA7L3CrAg,F,Clinical Specialist,4303523291
35-358-3593,Delano,00415 Shoshone Alley,3831418314,6558Au,M,Environmental Tech,7319534363
11-891-8370,Afton,662 Loeprich Junction,5419942305,fe7laCypD,F,Technical Writer,960256288
20-480-7900,Barry,6163 Buell Point,3111546578,TliIPz,F,Executive Secretary,7371051211
18-509-1522,Kelsey,6 Westerfield Circle,2184023914,3u8xhe,M,Teacher,5922787802
57-455-7948,Giacopo,41 3rd Terrace,9903024274,d5iVu9M,M,Financial Analyst,7340893253
56-967-0426,Florencia,6 Colorado Lane,5853480472,XPJb8Za,F,Operator,9726829380
60-522-8937,Veronike,17826 Susan Alley,849436230,pMMMuMXC0XD,F,Senior Quality Engineer,4663200680
89-302-2214,Cherin,9 Stuart Terrace,5324859699,T9SZlD1VBI,F,Help Desk Operator,3508855317
28-149-8215,Courtney,1970 Ludington Point,9527771978,ybAYBlPvp4,F,Computer Systems Analyst II,9612809011
24-508-8307,Dev,5735 Transport Road,9989696705,jM4FXSApgQTA,M,Teacher,8947573736
31-796-7099,Stearne,30 Fair Oaks Court,8089559743,o2KtObCJeKe,M,Internal Auditor,3713157928
91-367-7029,Terence,958 Drewry Drive,2080370936,NtKlRxe,M,Web Designer II,1357792557
53-191-2298,Kristien,9 West Avenue,43994679,QDKQxiHa,F,Sales Associate,7147326121
47-886-6255,Porter,33 Comanche Road,7309668901,eSDlUNNhOo,M,Account Executive,6494522602
97-489-8026,Barnard,07 Aberg Plaza,3826727479,zFpTVV,M,Account Coordinator,7911418381
44-785-5133,Fidelity,5 Buhler Plaza,2991264276,x1NEPoZXC14,F,Nurse Practicioner,710917422
96-677-5458,Arv,0530 Sugar Park,4587073857,WvxS5sLh,M,Account Coordinator,5960257998
34-957-7017,Sterling,9282 Melby Lane,7921425445,1kq5HBxRXyt,M,Account Coordinator,2029965251
10-999-0546,Halsey,618 Lake View Drive,6257130360,dmKJkd,M,Dental Hygienist,1374473863
79-418-5954,Margarette,08125 Jay Drive,5448930727,8JMSY5Jj,F,Professor,5407933373
82-293-3049,Gretna,6044 Hintze Circle,3882240873,uGDq9FWHExA,F,Legal Assistant,1416442006
10-029-8219,Jordana,3 Darwin Terrace,4491445257,Ceo3EjB,F,Chemical Engineer,2825943827
02-022-1789,Jehu,98611 Cody Hill,5664680148,QXgwAEUW34n,M,Administrative Assistant I,9086200397
48-709-1410,Flem,541 Merry Parkway,4438376955,rIVwwCQH,M,Database Administrator III,1715505212
89-851-4726,Chalmers,13218 School Parkway,9049035671,2g7dTXeW,M,Media Manager IV,8733001456
33-515-5014,Phillip,2 Erie Court,1379296803,tWjcb1dlO,M,Help Desk Operator,7362497075
10-210-1628,Mitchael,52 Grim Terrace,2326451066,KNfIOWesHf,M,Executive Secretary,7135232968
58-363-6954,Melissa,8 Magdeline Place,4630716033,iyGSFZR,F,Sales Representative,8458103524
54-789-0788,Martin,5486 South Lane,4148620411,EBm3MLyNAMSc,M,Community Outreach Specialist,1155470982
10-879-1851,Dania,84588 Texas Trail,2343231931,33ts1W,F,Dental Hygienist,2645527272
50-526-6752,Dud,19 Farmco Street,1422224066,fp1AzUjozZrr,M,Marketing Assistant,6092060566
89-641-3744,Chloe,67935 Mesta Plaza,2674493240,2u3q3qVWr,F,Chemical Engineer,6809903216
45-286-6871,Baron,8 Browning Center,7328929693,ERKJno,M,Office Assistant I,651544645
64-005-6295,Fayre,049 Comanche Parkway,9006405515,HLdQ7042,F,Senior Editor,5076006438
96-472-6471,Culver,8312 Del Sol Center,7912645853,1cTt0VIKuU,M,Design Engineer,9891970256
06-671-1560,Chrysler,5866 Starling Avenue,9691887797,ZtacCPL0,F,General Manager,744400368
95-248-7841,Tadio,06145 Golf View Trail,6404741288,HemTXxFbMVgK,M,Health Coach III,912574437
45-125-9341,Ethelbert,9759 Warbler Pass,369240286,frCbN2zYy2Jl,M,Design Engineer,2360934546
77-137-5222,Cole,9411 Florence Junction,2419124251,li7YMjZdf8,M,Librarian,2760334775
78-929-2371,Dwain,95 Hoard Trail,5689939331,sZeqg0NE,M,Associate Professor,8911323225
78-255-6097,Brew,556 Algoma Hill,7763648953,nAGwy1i4,M,Electrical Engineer,278909159
86-981-7324,Claudell,78 Colorado Terrace,2005422959,junB4s2Z,M,Statistician I,3168061735
74-453-2110,Chase,57701 Towne Junction,6980891324,R3lkKjLQC1r,M,Teacher,664276555
28-568-4185,Bard,06 Mesta Terrace,2511309114,32mWYp,M,Structural Analysis Engineer,9914757677
63-394-2188,Goldia,370 Daystar Street,8626977298,0mrSbU3,F,Senior Developer,443512256
18-399-7242,Alexio,3186 Paget Lane,1606818783,9Jmbt90QL6n,M,Librarian,590436600
15-946-7888,Benjamen,08199 Mandrake Point,1922770973,l22J7hLTMUC,M,Senior Quality Engineer,763636800
85-068-1359,Benito,979 Roxbury Lane,6097805462,FMYDqJxptlK,M,Design Engineer,8124111529
37-156-7130,Enoch,4925 Buhler Street,2011789540,V9PpOdaQK4aW,M,Assistant Media Planner,4439752853
50-145-4089,Leone,3852 Rieder Pass,7830272719,P9rcnDw1a,F,Technical Writer,7010450595
56-789-7464,Kenyon,814 Quincy Park,1269255118,tl98sZjIs,M,Operator,9558140198
56-102-6413,Elnora,62956 Jay Place,7588841745,oS5sxB,F,Recruiter,914661744
78-885-9575,Ardelia,3217 Steensland Court,7311658209,FLT9Up8pjD,F,Speech Pathologist,8642050691
23-918-1970,Nickolaus,54 1st Trail,4204411851,VVJFZ5EJcFTO,M,Web Developer II,6072867715
96-435-4741,Terrell,43 Park Meadow Avenue,9106336167,aoO70ibsrbK,M,Developer IV,9596602624
90-728-9472,Hernando,7949 Corscot Road,7342697559,1agliRV9b1F,M,Quality Engineer,5738281276
67-650-4125,Joscelin,61 Schurz Center,5681925188,vfDiSw4T5e2Y,F,Associate Professor,1142043894
17-375-4681,Scotti,462 Del Mar Street,6423205337,fbYIFqsc,M,Teacher,2582221090
32-550-0264,Vikki,465 Lindbergh Park,3705497928,IiIMuwe5Bm,F,Programmer IV,5681350894
31-898-3210,Maybelle,2 Thompson Point,7646294357,j1Wskt8ltqI,F,Senior Financial Analyst,1818081083
80-728-5247,Gabriel,5 Surrey Terrace,3466570905,QcBQfvXmZA,F,Director of Sales,6507200174
80-849-6712,Van,756 Northland Avenue,4607046469,QeKgVGVs8,M,Executive Secretary,7152929459
72-590-2521,Enos,39702 Ramsey Circle,2511850710,svdpwE,M,Research Assistant I,2017692611
68-264-1505,Cordy,92 Morrow Crossing,2858992576,0HyTximfoNF,F,Speech Pathologist,387074899
64-489-2427,Alva,5 Muir Plaza,9254844209,PDh6RFJah,M,Chemical Engineer,6266171228
12-992-0308,Josepha,823 Garrison Junction,5300520462,nwutBZcFJ,F,Staff Scientist,5367197434
70-422-6695,Filia,29 Messerschmidt Trail,6347339080,EjEDc9Ylo,F,Account Coordinator,5716767761
02-687-1012,Jeno,90680 Sunnyside Alley,4565551012,CSuScsjKY,M,Safety Technician IV,6788024219
11-605-4544,Cicily,9 Manitowish Trail,8325262044,4Cs5Ahy,F,Sales Representative,4976472817
00-642-8455,Geri,1 Alpine Street,5315030865,tjY0d5w,M,VP Accounting,1688929398
22-686-3943,Cindi,25340 Fairview Crossing,8609596273,K23DO4k,F,Tax Accountant,108298027
16-284-6790,Phillip,118 Quincy Court,1464214158,5m3lGREktEA,M,Clinical Specialist,4281885668
95-214-5947,Guinevere,7923 4th Park,6364890199,Bg66HzT0zz,F,Administrative Officer,1008353574
09-120-6747,Sherill,213 Heffernan Terrace,1340849747,6f4DMFF0,F,Account Coordinator,7378438022
75-807-6958,Hildegaard,198 Summerview Court,8923411310,OwfBNecey,F,Operator,1232376310
54-981-7639,Silvain,287 Springview Terrace,4876801029,uLewipkjd,M,Clinical Specialist,5046295350
71-441-2932,Sara,7915 Mockingbird Drive,168245078,Lrs2fj7A4,F,Chemical Engineer,1453920706
28-159-4687,Val,8764 Mayer Road,192787187,m6wCTGCG,F,Tax Accountant,6681231012
80-025-2764,Trstram,8 Clarendon Way,8820726327,g5dE0Gh,M,Clinical Specialist,4107047326
26-270-7757,Giordano,14 Shasta Place,2862705128,4su84x,M,Electrical Engineer,9710619624
01-887-9664,Blake,21983 Charing Cross Center,429538960,ZzGSCh,F,Nurse Practicioner,5838749539
35-388-4036,Elvera,062 Warrior Crossing,8994323279,h9vQip49W76,F,Budget/Accounting Analyst II,5271345750
91-192-4955,Dag,162 Sauthoff Plaza,1776416686,d7PNVdVOCRps,M,Electrical Engineer,623850303
65-977-7553,Uriah,8934 Blackbird Trail,2694510116,ep2cQJhS2,M,Marketing Manager,6198509672
54-496-6364,Gilbertina,3 Cherokee Park,9509073768,E2vlWKP0k,F,Database Administrator II,9143620337
39-740-4895,Bonnibelle,3684 Heffernan Trail,9767013644,zGkquZH,F,Senior Quality Engineer,1300965541
34-865-0776,Alena,10 Sheridan Street,8954837131,vPdVh3kKNYO,F,Human Resources Assistant II,4531448774
44-901-9569,Jennine,90654 Loeprich Trail,4342682702,YTHRKy,F,Teacher,7949383534
64-825-1477,Virgie,5 Gerald Street,8072152610,Z0Kv22Pk,F,Nurse Practicioner,5843642178
61-420-1575,Victoir,378 Bayside Road,3850576418,DocmmHmGw,M,Dental Hygienist,6440403028
89-759-0834,Marquita,2379 Talmadge Junction,1123561338,i43ml5bzXQsO,F,Web Developer II,1664726586
26-918-6377,Pennie,45 Lakewood Drive,326152156,b7V7qkl,M,Safety Technician II,6078753541
91-307-1533,Otes,1745 Sachtjen Court,5236152321,3lz3e14gwkl,M,General Manager,2818245672
43-225-4766,Evey,45930 Oak Valley Road,1194383165,aRSZR0erzNK,F,VP Accounting,186080174
90-115-5318,Glori,4 Dayton Crossing,3650925451,ALNbCV,F,Administrative Officer,5797852217
29-695-7893,Nanine,338 Mesta Avenue,9905635866,xYndaIlIrnR,F,Programmer I,5469852059
60-003-4801,Van,8138 Comanche Park,4908404399,tCUlWrV,M,GIS Technical Architect,2052402365
49-538-2089,Carlita,839 Hazelcrest Hill,3970265584,GYzFPppG,F,Quality Control Specialist,9126536951
79-792-6112,Imogene,80 Superior Hill,1482065258,9hkoS3DqQJ,F,Senior Financial Analyst,8298598318
80-515-0972,Jephthah,273 Sheridan Pass,5566330096,bOG7FpidV,M,Cost Accountant,4600549457
87-568-8706,Allyson,0 8th Circle,5718485976,KyCcKcTvcw,F,Social Worker,4078286186
64-138-6355,Shaine,8072 Aberg Road,3574267657,MAQbES8q8,F,Mechanical Systems Engineer,632718765
23-891-3371,Korrie,4454 Anniversary Pass,3529967211,3EaO2wsH,F,Help Desk Operator,37142461
37-725-5319,Denys,85 Independence Court,8601821812,B5ZdHOP6GeJX,M,Financial Analyst,5228890068
68-854-6777,Barbe,031 Mayfield Park,8005053932,dt7FrTi40,F,Account Executive,8061073773
39-611-2399,Melodee,14 Ridgeway Plaza,2479063356,Rf5Jd4vDLrd,F,Computer Systems Analyst IV,6768213636
91-727-1290,Vidovik,151 Paget Pass,1756008051,KQDOYgeC4at,M,Media Manager I,9008530740
