codigoLo,nombre,descripcion
8379674243,Aerified,"Shrimp - 21/25, Peel And Deviened"
7979729994,Sonsing,"Tart Shells - Barquettes, Savory"
8535574034,Treeflex,"Cake Circle, Paprus"
3464280713,Subin,"Leeks - Baby, White"
7413809354,Fix San,Coconut - Whole
4990933710,Duobam,Catfish - Fillets
7388254269,Subin,"Mushroom - Enoki, Dry"
0848657896,Domainer,Bok Choy - Baby
9811754128,Aerified,Ham - Cooked Italian
7829533504,Aerified,"Napkin - Dinner, White"
2660264031,Cardguard,Appetizer - Seafood Assortment
8053496296,Konklab,Sausage - Breakfast
3988589772,Keylex,"Yogurt - Raspberry, 175 Gr"
0094799539,Keylex,Trueblue - Blueberry
5676793716,Cardguard,"Nut - Peanut, Roasted"
5934546775,Aerified,Persimmons
3619884765,Bytecard,Blue Curacao - Marie Brizard
1994501219,Transcof,Longan
6743610895,Toughjoyfax,Vinegar - Rice
9551585291,Tin,Sansho Powder
6814518597,Andalax,Juice - Apple Cider
1271734362,Aerified,Lobster - Base
9739178073,Overhold,"Melon - Watermelon, Seedless"
9747915936,Asoka,Pears - Bosc
8593186092,Stim,"Jam - Raspberry,jar"
1826426531,Cookley,"Bread - Bagels, Plain"
3087756539,Daltfresh,Chambord Royal
7760690665,Aerified,"Pasta - Elbows, Macaroni, Dry"
4321696682,Bigtax,Carbonated Water - White Grape
1084344114,Biodex,Gelatine Leaves - Envelopes
7813389271,Stringtough,"Trout - Hot Smkd, Dbl Fillet"
8341837226,Opela,Spinach - Frozen
2169754059,Hatity,Longos - Lasagna Veg
2624268472,Stringtough,Chips Potato All Dressed - 43g
6606199484,Prodder,Hummus - Spread
1339896915,Rank,Beer - Paulaner Hefeweisse
8150062408,Treeflex,"Cookies - Oreo, 4 Pack"
3482371873,Opela,Pie Filling - Apple
3466128714,Opela,Cream - 10%
2886526479,Bytecard,"Nut - Hazelnut, Whole"
4002522555,Andalax,"Pasta - Fusili, Dry"
9717856362,Viva,Blueberries - Frozen
5040861273,Zaam-Dox,Compound - Raspberry
5579201451,Keylex,Chef Hat 20cm
0575175850,Treeflex,Tea - Earl Grey
5513239086,Keylex,Chocolate - Feathers
2436467196,Solarbreeze,Flax Seed
1329498747,Zamit,"Wine - Cahors Ac 2000, Clos"
0809045591,Flowdesk,V8 - Berry Blend
7133987996,Lotlux,Table Cloth 53x53 White
2813150029,Redhold,Nori Sea Weed
9544624813,Bitchip,Evaporated Milk - Skim
7357622657,Y-find,Oregano - Fresh
3731079844,Zaam-Dox,Goulash Seasoning
4226426258,Toughjoyfax,Chocolate - Feathers
0154751065,Fintone,Danishes - Mini Cheese
0079141404,Toughjoyfax,Kolrabi
6133578440,Ventosanzap,"Wine - Red, Pinot Noir, Chateau"
5564491742,Holdlamis,Chicken Breast Halal
6951205140,Opela,"Tomatoes - Plum, Canned"
8882560635,Alphazap,Coffee Cup 8oz 5338cd
4194910176,Konklux,Tomatoes
3109299186,Fintone,"Wine - Sherry Dry Sack, William"
2405880660,Treeflex,Wine - Red Oakridge Merlot
3060153426,Redhold,Cheese - Shred Cheddar / Mozza
8545437749,Stringtough,Pasta - Agnolotti - Butternut
3681478554,Greenlam,Lotus Root
5722696439,Rank,Soup - Campbells Chicken
6149819221,Job,Hold Up Tool Storage Rack
4590244659,Aerified,Calypso - Strawberry Lemonade
0168608294,Holdlamis,Basil - Seedlings Cookstown
0943185475,Ronstring,"Pepper - Paprika, Hungarian"
2151060780,Bytecard,"Bread - Rolls, Corn"
5184338888,Vagram,Mace
8054953895,Bitchip,Dates
7412585371,Gembucket,"Juice - Pineapple, 48 Oz"
5190172899,Zoolab,Cinnamon Rolls
9170274177,Flexidy,"Bread - Rolls, Corn"
6611862765,Quo Lux,Beef - Eye Of Round
3835387855,Regrant,Flour - Chickpea
8046374385,Sonair,Chicken Thigh - Bone Out
0816983283,Viva,"Rum - Dark, Bacardi, Black"
9422930669,Zoolab,"Wine - Red, Cabernet Merlot"
4836769388,Holdlamis,"Cheese - Brie, Cups 125g"
1106851161,Biodex,Chips - Potato Jalapeno
1919240705,Stim,Wine - Lamancha Do Crianza
3531764330,Stringtough,Ginsing - Fresh
5147266380,Namfix,Beer - Upper Canada Lager
4207942246,Zontrax,"Beef - Tongue, Cooked"
6738926162,Domainer,"Fish - Artic Char, Cold Smoked"
0030023688,Sonair,"Coconut - Creamed, Pure"
4650596238,Sub-Ex,Muffin Orange Individual
0114149437,Bytecard,Carbonated Water - Orange
0854240306,Bamity,Ham - Black Forest
4623516873,Duobam,"Cheese - Brie, Triple Creme"
1945482648,Keylex,"Mushroom - Chanterelle, Dry"
8818058371,Fixflex,Bread - French Baquette
0121749401,Tresom,Dragon Fruit
3526458413,Bamity,"Chicken - Leg, Boneless"
3919750985,Sub-Ex,Lighter - Bbq
7043293359,Kanlam,Sorrel - Fresh
6067204274,Solarbreeze,Cheese Cheddar Processed
2295230071,Tres-Zap,"Wine - Red, Cabernet Merlot"
6782399016,Zamit,"Octopus - Baby, Cleaned"
3355853607,Fintone,"Turkey - Breast, Boneless Sk On"
8791589142,Asoka,Blackberries
6997170854,Latlux,Veal - Sweetbread
1074096339,Stim,Banana Turning
4582210481,Viva,"Rum - Coconut, Malibu"
5568201676,Domainer,Garlic - Elephant
8571463492,Tresom,Potato - Sweet
7373254934,Lotlux,Mousse - Banana Chocolate
4639818564,Quo Lux,Dip - Tapenade
5116724808,Sonsing,Lid Tray - 12in Dome
2180130082,Konklux,Wiberg Super Cure
8319587689,Otcom,Wine - Cava Aria Estate Brut
0883372053,Lotstring,Lamb - Rack
1697230091,Ronstring,Flower - Commercial Bronze
9800727396,Wrapsafe,Mushroom - Lg - Cello
0219931895,Bigtax,Napkin White
6171174998,Job,Cardamon Ground
7321406180,Sub-Ex,"Wine - Red, Pelee Island Merlot"
6741290656,Bitchip,Wine - Pinot Grigio Collavini
9405177788,Fixflex,"Pepper - Chillies, Crushed"
8727617629,Prodder,Sorrel - Fresh
0308927893,Tin,Cream - 10%
5978072019,Opela,Tea - Orange Pekoe
4601427665,Pannier,Wine - Cousino Macul Antiguas
5200140978,Solarbreeze,"Veal - Brisket, Provimi,bnls"
1617090808,Stronghold,Oneshot Automatic Soap System
3443171931,Tresom,Chinese Foods - Chicken
6365698798,Tresom,Crab Brie In Phyllo
5536292021,Prodder,Spice - Pepper Portions
8863302839,Sonair,"Juice - Grape, White"
8904973236,Voyatouch,Gatorade - Fruit Punch
1503558487,Matsoft,Ecolab - Ster Bac
2297438060,Pannier,Garbag Bags - Black
9174261053,Tampflex,Temperature Recording Station
9801869631,Flexidy,Oil - Olive Bertolli
1673273599,Job,Sugar - Icing
4867597473,Quo Lux,Skirt - 24 Foot
7242530296,Ronstring,Cheese - Brick With Pepper
9012349575,Daltfresh,Compound - Pear
3124151348,Temp,Juice - Prune
8231572821,Zathin,"Cup - 3.5oz, Foam"
6544641537,Redhold,Tray - 16in Rnd Blk
0734861923,Alpha,Spice - Montreal Steak Spice
7219740492,Lotstring,Allspice - Jamaican
9538011546,Tres-Zap,Water - Tonic
2460065612,Zaam-Dox,Mushroom - Crimini
7124701686,Gembucket,Teriyaki Sauce
0889386803,Fix San,Wine - Clavet Saint Emilion
8691862181,Andalax,"Pepper - Black, Ground"
1024196380,Fintone,Propel Sport Drink
1888349735,Bigtax,Pork - Caul Fat
4078419798,Veribet,"Ham - Smoked, Bone - In"
3434835466,Quo Lux,Squash - Pepper
0631208186,Tin,Cream - 35%
1578986931,Treeflex,"Beans - Long, Chinese"
1464098077,Greenlam,Triple Sec - Mcguinness
9843223179,Pannier,Vinegar - Balsamic
6338736218,Wrapsafe,Hog / Sausage Casing - Pork
2002400822,Sub-Ex,"Pasta - Elbows, Macaroni, Dry"
7038596586,Bitchip,Guava
8045436506,Regrant,Puree - Passion Fruit
8989281865,Matsoft,Emulsifier
5361970530,Cookley,Bread - Raisin
4149785171,Mat Lam Tam,Ham Black Forest
1530137853,Stringtough,Ecolab - Ster Bac
7549807337,Voltsillam,Bread - Raisin Walnut Oval
8079895058,Y-find,Bread - Multigrain
6723556453,Domainer,Kumquat
5351483165,It,Pepper - Sorrano
1073451852,Domainer,Trout - Smoked
6545720872,Sub-Ex,Cheese - Blue
0069300968,Otcom,Wine - Champagne Brut Veuve
9154551102,Opela,"Soup - Knorr, Ministrone"
7888721443,Prodder,Piping - Bags Quizna
6110748994,Alpha,Sardines
5226270011,Rank,Tomato - Tricolor Cherry
1612857159,Otcom,Beer - Paulaner Hefeweisse
2053131047,Stringtough,Ice Cream Bar - Rolo Cone
7460865559,Stronghold,Grouper - Fresh
7011916180,Hatity,Vinegar - Tarragon
4078387268,Tampflex,"Beans - Black Bean, Dry"
3063421456,Zoolab,Spring Roll Veg Mini
9918173335,Sub-Ex,Potatoes - Yukon Gold 5 Oz
3073012125,Alpha,Sugar - Cubes
6290988891,Job,Corn - On The Cob
3675989429,Tin,"Melon - Watermelon, Seedless"
1876520183,Home Ing,Pie Box - Cello Window 2.5
4354349779,Zamit,Sage Derby
3749388903,Zathin,Papadam
8010010464,Bitwolf,"Beer - Alexander Kieths, Pale Ale"
6934463811,Latlux,Wine - Sake
2665512432,Transcof,Beer - Labatt Blue
3478837863,Cardguard,Cookies - Englishbay Chochip
6791719257,Prodder,Tomatoes - Grape
4190722405,Bytecard,"Brownies - Two Bite, Chocolate"
7783333109,Veribet,V8 - Tropical Blend
2359574302,Transcof,"Wine - White, Ej Gallo"
6461800859,Otcom,Curry Powder Madras
5008149229,Temp,Gatorade - Orange
1845549279,Home Ing,Wine - Bouchard La Vignee Pinot
3652108906,Hatity,Pastry - Lemon Danish - Mini
5593452938,Ventosanzap,Cleaner - Pine Sol
5601940282,Opela,Milk - Chocolate 500ml
6653003957,Cookley,Parsnip
3944915526,Bytecard,Juice - Lemon
7888650228,Otcom,Chocolate - Compound Coating
5261575095,Quo Lux,"Soup - Knorr, Chicken Gumbo"
2085515290,Flowdesk,Scallops - 20/30
3134802767,Andalax,Beef - Texas Style Burger
5751458168,Fix San,Sugar - Monocystal / Rock
3917706008,Solarbreeze,Nacho Chips
3839611520,Bigtax,"Tuna - Canned, Flaked, Light"
8442671765,Asoka,Longos - Greek Salad
4489778295,Solarbreeze,Lumpfish Black
1140658239,Andalax,Oil - Peanut
7941280922,Bitchip,Beef - Striploin Aa
7486597861,Y-Solowarm,Eggs - Extra Large
9013791921,Cardguard,Longos - Assorted Sandwich
2403423726,Stim,Island Oasis - Strawberry
8622530752,Alpha,Bagel - Sesame Seed Presliced
8695594130,Ronstring,Pears - Bartlett
2030941298,Zathin,Lettuce - Escarole
1416713166,Fix San,Pastry - Butterscotch Baked
8452446691,Regrant,Flour Dark Rye
0889446695,Lotlux,Lemon Grass
6648792930,Konklab,Straws - Cocktale
8773041246,Fintone,Table Cloth 144x90 White
9711363933,Wrapsafe,Strawberries
2092554956,Zoolab,Pepper - Green Thai
1524041009,Alphazap,Cookie Chocolate Chip With
7919087449,Lotstring,Soup - Campbells - Tomato
5213744907,Hatity,Cheese - Comte
3474885995,Veribet,Potatoes - Mini Red
4838296738,Tampflex,Pepper - Sorrano
2227764449,Bigtax,"Potatoes - Purple, Organic"
6376809189,Zontrax,Icecream - Dibs
5385319511,Prodder,Shrimp - Black Tiger 13/15
1134740085,Transcof,Shrimp - 31/40
0012405930,Redhold,"Pork - Loin, Center Cut"
7885868540,Matsoft,Wine - Soave Folonari
4955941176,Pannier,"Mushroom - Chantrelle, Fresh"
5320150911,Asoka,"Wine - Red, Concha Y Toro"
1604277556,Flowdesk,"C - Plus, Orange"
5962951735,Temp,"Sauce - Soya, Light"
2366723881,Domainer,Carbonated Water - Orange
7405917062,Lotlux,"Juice - Clam, 46 Oz"
0763548049,Solarbreeze,"Yogurt - Cherry, 175 Gr"
3069112587,Stim,Muffins - Assorted
4500273530,Temp,Sauce - Alfredo
8442782737,Konklux,Smoked Tongue
6207040732,Cardguard,Otomegusa Dashi Konbu
5842541041,Voyatouch,Wine - Merlot Vina Carmen
0846741482,Asoka,"Cheese - Romano, Grated"
9904024502,Domainer,Peppercorns - Pink
8360332010,Stronghold,Wine - Riesling Dr. Pauly
8850337590,Redhold,Lemon Grass
9541692648,Wrapsafe,Appetizer - Southwestern
0876253826,Stronghold,Sauce Tomato Pouch
2298955999,Quo Lux,"Wine - Red, Cabernet Sauvignon"
2516309082,Aerified,"Ham - Smoked, Bone - In"
5798737942,Zamit,"Chocolate - Pistoles, Lactee, Milk"
2061315739,Alphazap,Bread - Dark Rye
6467097475,Rank,Flour - So Mix Cake White
8218001735,Aerified,Mushroom Morel Fresh
3661693492,Lotstring,Cafe Royale
1963934253,Sonair,"Tea - Darjeeling, Azzura"
9190825748,Andalax,Meldea Green Tea Liquor
2519495197,Bigtax,Butter - Pod
5300020753,Opela,Soup Campbells
6392884696,Konklab,Sauerkraut
2990040714,Transcof,Steampan - Half Size Shallow
4277612164,It,Asparagus - Frozen
1660266750,Zaam-Dox,Tia Maria
2118674805,Cardify,Cream - 10%
5984107759,Overhold,Duck - Breast
3157149784,Holdlamis,Port - 74 Brights
2817829964,Home Ing,Octopus
9035223713,Kanlam,"Garlic - Primerba, Paste"
6611162003,Temp,Corn - On The Cob
2225874883,Cardify,Pastry - Banana Tea Loaf
8211223317,Biodex,Lobster - Canned Premium
7979834151,Asoka,Muffin Mix - Morning Glory
1213348331,Voltsillam,Lumpfish Black
1830835696,Fintone,Trueblue - Blueberry Cranberry
7204732839,Subin,Squash - Guords
0095566341,Sonsing,The Pop Shoppe - Lime Rickey
6709028550,Bamity,Tea Leaves - Oolong
6359681641,Ventosanzap,Otomegusa Dashi Konbu
3888146739,Fix San,Remy Red Berry Infusion
4084935123,Solarbreeze,Wine - Jackson Triggs Okonagan
9155212158,Treeflex,Croissants Thaw And Serve
0521567998,Zamit,Ham - Cooked Italian
7903693883,Wrapsafe,Cheese - Taleggio D.o.p.
0967969026,Viva,"Soup - Knorr, Country Bean"
9484165559,Viva,Ham - Black Forest
3554161144,Fix San,Milk - 1%
5283035298,It,Corn Shoots
1397483016,Sonair,"Asparagus - White, Canned"
7429689779,Zontrax,"Nut - Hazelnut, Ground, Natural"
5459059631,Overhold,"Corn - Cream, Canned"
7303684093,Zathin,Gooseberry
1128706709,Opela,Puff Pastry - Sheets
8091548680,Hatity,Squid - U - 10 Thailand
2053475412,Zathin,"Water - Spring Water, 355 Ml"
5845662095,Cardify,"Nut - Almond, Blanched, Whole"
0720218535,Domainer,"Soup - Campbells, Butternut"
5049337038,Y-Solowarm,"Appetizer - Spring Roll, Veg"
6321612952,Job,Glaze - Apricot
8311394644,Zamit,Mountain Dew
0834864355,Zamit,Vinegar - Raspberry
8447395235,Viva,"Stock - Chicken, White"
6532664162,Toughjoyfax,Pepper - Pablano
3138552072,Ventosanzap,Cheese - Ermite Bleu
7043888689,Keylex,"Pasta - Penne, Rigate, Dry"
0310600413,Ventosanzap,Soup Campbells Split Pea And Ham
8968172420,Holdlamis,Bread - Olive Dinner Roll
6376477844,It,Bread Foccacia Whole
0199698112,Veribet,"Cheese - Mozzarella, Buffalo"
5907551496,Bamity,Kohlrabi
5329631009,Cardguard,"Tray - Foam, Square 4 - S"
2256710459,Hatity,Lamb - Sausage Casings
8274729757,Y-Solowarm,"Lamb - Racks, Frenched"
3276811561,Duobam,Taro Leaves
1692309781,Flexidy,Coffee - 10oz Cup 92961
8535351272,Lotlux,Soho Lychee Liqueur
9598729796,Keylex,Wine - Ruffino Chianti Classico
8857061035,Toughjoyfax,Pear - Halves
4547279551,Konklab,Bread Sour Rolls
9769307475,Alphazap,Chives - Fresh
5364010171,It,Dikon
2666139395,Zathin,Wine - Pinot Noir Stoneleigh
7940918257,Duobam,Avocado
1897197357,Alphazap,Crab - Imitation Flakes
3954578921,Y-find,"Wine - Harrow Estates, Vidal"
1459823079,Namfix,"Veal - Shank, Pieces"
2250152810,Tresom,Cookie Double Choco
4001560356,Tresom,"Chocolate - Pistoles, White"
8151482753,Voltsillam,Cheese - Marble
1314606956,Alpha,Wild Boar - Tenderloin
4640626312,Temp,Ecolab Silver Fusion
6517646582,Alpha,Salt - Table
2897566221,Temp,Lid - 3oz Med Rec
3457012806,Zontrax,Cheese - Gouda
9841008068,Bytecard,Muffin Batt - Ban Dream Zero
1259805255,Prodder,Onion - Dried
4083493364,Tres-Zap,Cheese - Gouda Smoked
6226569883,Cardguard,Ice Cream - Super Sandwich
4951240793,Prodder,Vinegar - Raspberry
0090590813,Vagram,Ham - Black Forest
4768947069,Zathin,Gatorade - Orange
4244778454,Matsoft,Icecream - Dstk Cml And Fdg
3194538020,Namfix,Bouq All Italian - Primerba
1763327078,Prodder,Appetizer - Sausage Rolls
0520161084,Trippledex,Mangoes
3315804745,Sonsing,Pork - Ham Hocks - Smoked
1692166808,Home Ing,Trueblue - Blueberry
2978443030,Home Ing,Syrup - Chocolate
4629183787,Tampflex,Muffin - Blueberry Individual
3357919478,Fintone,Wine - Semi Dry Riesling Vineland
9022573664,Latlux,Flower - Carnations
6951832285,Zamit,Lamb - Shanks
6448372040,Regrant,Vaccum Bag 10x13
2872304185,Wrapsafe,Squash - Acorn
9318301715,Span,Lentils - Green Le Puy
6704773665,Rank,Beets
2482139902,Asoka,"7up Diet, 355 Ml"
0610550225,Treeflex,Kiwi Gold Zespri
1079274952,Flexidy,Sugar - Crumb
8447970930,Konklux,Bacardi Raspberry
1836264003,Tempsoft,"Noodles - Cellophane, Thin"
3511085004,It,Greens Mustard
6014573283,Aerified,Rice - Basmati
3982949327,Zoolab,Pork - Bones
5804597000,Flowdesk,"Brocolinni - Gaylan, Chinese"
9944066583,Transcof,Chinese Lemon Pork
8573699213,Sub-Ex,Squash - Acorn
3381012657,Bytecard,Bay Leaf Fresh
7955740491,Treeflex,Raspberries - Fresh
5830142201,Ventosanzap,Sauce - Fish 25 Ozf Bottle
0701167696,Ventosanzap,Oil - Peanut
3751892664,Alpha,Saskatoon Berries - Frozen
4816483764,Transcof,Wine - Balbach Riverside
0951037757,Matsoft,"Lamb - Whole Head Off,nz"
5236616514,Daltfresh,Broom And Brush Rack Black
0241920094,Flexidy,Longos - Grilled Salmon With Bbq
2590132727,Otcom,Toamtoes 6x7 Select
2111816868,Andalax,Trout Rainbow Whole
7528855332,Sonair,Sauce - Demi Glace
5430490687,Opela,"Appetizer - Mini Egg Roll, Shrimp"
6955953036,Ronstring,Maple Syrup
2869842589,Ventosanzap,Pork Loin Cutlets
8436849094,Tresom,Sauce - Marinara
7907223903,Quo Lux,Schnappes Peppermint - Walker
7241224507,Tin,Barley - Pearl
0208703705,Job,"Brocolinni - Gaylan, Chinese"
4148568932,Cardguard,Onions - Red
1926897935,Y-Solowarm,Juice - Ocean Spray Kiwi
5342385679,Fix San,Broom - Angled
6635232893,Matsoft,Shrimp - 31/40
5056870986,Solarbreeze,Basil - Seedlings Cookstown
5989804229,Stronghold,Ecolab - Hand Soap Form Antibac
6124309831,Voyatouch,Table Cloth 90x90 Colour
3913416870,Transcof,Raisin - Golden
6664741016,Stringtough,Wine - Segura Viudas Aria Brut
5034437147,Transcof,Pastry - Chocolate Marble Tea
9692043843,Voltsillam,"Wine - White, Colubia Cresh"
8124240620,Biodex,Longos - Chicken Cordon Bleu
9341079217,Konklux,Tomatoes - Roma
7649376222,Stringtough,"Soda Water - Club Soda, 355 Ml"
9023844645,Kanlam,Ice Cream Bar - Oreo Sandwich
2575282756,Tresom,Mushroom - Crimini
2490918052,Subin,Quinoa
7909406975,Bamity,Coffee Cup 12oz 5342cd
1332099033,Greenlam,"Pasta - Penne, Rigate, Dry"
4407984562,Mat Lam Tam,Calypso - Strawberry Lemonade
2520989025,Y-find,Salami - Genova
5937612604,Greenlam,Jolt Cola - Red Eye
9387791300,Stim,Piping - Bags Quizna
5619627152,Zathin,Long Island Ice Tea
7722043372,Konklab,Miso Paste White
6526288324,Lotstring,Tomatoes - Cherry
0328660620,Mat Lam Tam,Ecolab - Hobart Washarm End Cap
8912900439,Viva,"Wine - Magnotta, Merlot Sr Vqa"
2744170070,Bytecard,Soup - Campbells Beef Stew
8051887964,Sub-Ex,Bacon Strip Precooked
1165059924,Zathin,Squid U5 - Thailand
1265342040,Tin,Muffin Mix - Carrot
4342959526,Viva,Dill Weed - Fresh
9930691162,Toughjoyfax,Scallops - In Shell
9455495910,Sonair,"Tuna - Canned, Flaked, Light"
5695058600,Sub-Ex,Muffin Orange Individual
0224081322,Solarbreeze,Cleaner - Comet
3366443030,Asoka,Ecolab Silver Fusion
9158763198,Andalax,"Chicken - Diced, Cooked"
6430629198,Redhold,Bread Sour Rolls
5586464764,Stronghold,Chicken - Whole Fryers
1627164022,Zontrax,"Veal - Tenderloin, Untrimmed"
7438054454,Stim,Beans - Fava Fresh
6683121257,Asoka,Snapple - Iced Tea Peach
2092687247,Andalax,Sultanas
2045312496,Zamit,Mace
6617706072,Temp,"Cup - 6oz, Foam"
9766300526,Rank,Carroway Seed
8835853079,Konklab,"Bar Mix - Pina Colada, 355 Ml"
0085370258,Span,Coffee - Ristretto Coffee Capsule
8104318330,Sonsing,Madeira
3477077393,Home Ing,Beer - True North Lager
9107945426,Treeflex,Wine - Jaboulet Cotes Du Rhone
8211546736,Namfix,Wine - Barolo Fontanafredda
9343478232,Kanlam,Stock - Fish
0025453890,Greenlam,Venison - Denver Leg Boneless
4530976521,Namfix,Cleaner - Comet
8211948311,Bitwolf,Pears - Bosc
2467588653,Prodder,"Arctic Char - Fresh, Whole"
5651702423,Flexidy,Ham - Cooked Bayonne Tinned
5180978491,Domainer,Mushroom - Crimini
8941819431,Tampflex,Appetizer - Mango Chevre
4630489010,Hatity,Longos - Grilled Chicken With
6370740039,Otcom,Durian Fruit
9023253639,Redhold,Beef Ground Medium
3940663271,Zontrax,Eggplant - Asian
5807518012,Domainer,Cheese - Montery Jack
9407731022,Trippledex,Monkfish - Fresh
2330134282,Temp,Chocolate - Chips Compound
4896647661,Kanlam,Instant Coffee
0944609228,Biodex,Cornflakes
5076721404,Ventosanzap,Tahini Paste
4689850135,Holdlamis,"Cheese - Brie, Triple Creme"
2424248362,Pannier,Chutney Sauce - Mango
2923323467,Rank,Shrimp - 150 - 250
3997553831,Job,Eggplant - Asian
5215170096,Zamit,Bay Leaf Fresh
0091515238,Flexidy,"Nut - Walnut, Pieces"
2489729616,Quo Lux,Lamb Shoulder Boneless Nz
7004157121,Bitchip,"Pasta - Rotini, Dry"
0178889741,Alphazap,Wine - Sake
3424445282,Viva,Bagel - 12 Grain Preslice
5133820879,Trippledex,Cake - Dulce De Leche
9740211100,Overhold,"Wine - Cahors Ac 2000, Clos"
5703373867,Hatity,Dish Towel
0472036343,Otcom,"Nut - Pecan, Pieces"
7691910398,Stronghold,Container - Clear 16 Oz
0265546680,Sonsing,Oyster - In Shell
0543438694,Alphazap,Veal - Liver
1424192781,Kanlam,Pur Source
4858142205,Alpha,Beef - Tenderloin Tails
6912128203,Overhold,Energy Drink Bawls
8726444798,Quo Lux,Papadam
6990377011,Cardify,Ocean Spray - Ruby Red
9963888593,Wrapsafe,Lychee
7005368762,Overhold,Cups 10oz Trans
2303375320,Bamity,"Salmon - Atlantic, Fresh, Whole"
5518190654,Stim,Paste - Black Olive
4408243515,Veribet,Pepper - Yellow Bell
3930789485,Voltsillam,"Veal - Chops, Split, Frenched"
4686654807,Trippledex,Wine - Wyndham Estate Bin 777
3355417076,Zoolab,Lettuce - Belgian Endive
8607668412,Toughjoyfax,Lamb Rack - Ontario
5636572980,Zamit,Oyster - In Shell
8129828774,Treeflex,Puree - Pear
9037135986,Konklux,Artichokes - Jerusalem
6733540010,Trippledex,Calypso - Strawberry Lemonade
2780234903,Alphazap,Soap - Mr.clean Floor Soap
8573925922,Bitchip,Nantucket Orange Juice
1619336480,Temp,Cheese - Victor Et Berthold
2310047961,Tin,Wheat - Soft Kernal Of Wheat
9966583831,Zathin,Tea - Black Currant
1954023138,Matsoft,Garlic - Elephant
5912497445,Konklab,Wine - Riesling Dr. Pauly
6890890086,Temp,"Rum - Light, Captain Morgan"
9861170510,Bitchip,Sugar - Fine
4097730851,Bytecard,Gelatine Powder
2178197671,Overhold,Aspic - Clear
1363653261,Trippledex,Sprouts - Corn
2021909077,Cardguard,Liqueur - Melon
8100465908,Voltsillam,Chinese Foods - Cantonese
0209121424,Bitchip,Scallops - 20/30
4428422113,Pannier,Cheese - La Sauvagine
8944481237,Keylex,Salt And Pepper Mix - Black
9192381332,Bitchip,Madeira
8515651041,Veribet,Bread - French Stick
9992898917,Ventosanzap,Squash - Acorn
5951156998,Overhold,Cookies Oatmeal Raisin
0067075274,Quo Lux,Pepper - Scotch Bonnet
8656415417,Bitchip,Wine - Savigny - Les - Beaune
0330453009,Bigtax,Rabbit - Frozen
4506088123,Namfix,Garlic
6977600411,Span,Energy Drink - Franks Original
3548689752,Fixflex,"Sparkling Wine - Rose, Freixenet"
4379617610,Tresom,Bouq All Italian - Primerba
8433825216,Regrant,Beer - Creemore
5461186955,Vagram,"Pasta - Rotini, Dry"
1818735539,Bitchip,Truffle Cups - Brown
4330607921,Stim,Ecolab Silver Fusion
7203431908,It,Flower - Commercial Bronze
5431027026,Tin,"Radish - Black, Winter, Organic"
4600748417,Flexidy,Cheese - Brick With Pepper
5278975458,Viva,Shrimp - 100 / 200 Cold Water
9509319457,Ventosanzap,Beans - Green
9241454261,Konklux,Tea - Lemon Green Tea
3899357841,Fintone,"Arctic Char - Fresh, Whole"
0226589269,Alphazap,Beans - Butter Lrg Lima
3485772631,Hatity,Fuji Apples
2048109500,Toughjoyfax,Wine - Vovray Sec Domaine Huet
9772786885,Ventosanzap,Tuna - Salad Premix
1176626094,Holdlamis,Nantucket - Kiwi Berry Cktl.
8795835385,Andalax,Soup - Campbells
8780184480,Zoolab,Cornflakes
2344910077,Andalax,Bok Choy - Baby
9285927807,Toughjoyfax,Celery Root
9790353065,Veribet,Toothpick Frilled
2456341740,Bytecard,Quail Eggs - Canned
0833349546,Alphazap,Garam Masala Powder
9666729458,Mat Lam Tam,Beef Wellington
5976460879,Duobam,Oranges
6056704556,Cardify,Muffin Batt - Blueberry Passion
5150366102,Sonair,Oil - Coconut
1742668380,Prodder,Chocolate Bar - Reese Pieces
6831716881,Konklab,Parsley Italian - Fresh
5825483101,Veribet,"Pepper - White, Ground"
6057126440,Zontrax,Okra
3536522998,Tresom,"Pork - Bacon, Double Smoked"
0910508089,Konklab,"Tortillas - Flour, 10"
2444410637,Cardify,"Tortillas - Flour, 8"
4576071173,It,Chinese Foods - Plain Fried Rice
8955693206,Regrant,"Stock - Veal, White"
5401007574,Gembucket,"Dill - Primerba, Paste"
4033670173,Tempsoft,Canadian Emmenthal
9480642069,Zontrax,Barramundi
8160049897,Overhold,"Pasta - Detalini, White, Fresh"
7214972204,Cookley,Maple Syrup
1601726201,Fintone,Shrimp - Black Tiger 26/30
1396309160,Sonsing,Persimmons
6873317683,Bitwolf,Beef - Short Ribs
9504934560,Alphazap,Pear - Packum
6450647183,Stronghold,"Syrup - Monin, Swiss Choclate"
8773905577,Keylex,Cheese - Cream Cheese
1849755183,Vagram,Clams - Bay
5219408518,Vagram,Wine - Shiraz Wolf Blass Premium
9485716370,Voltsillam,"Chestnuts - Whole,canned"
3204302423,Pannier,Sunflower Seed Raw
5898712305,Bytecard,Cattail Hearts
7213493248,Sub-Ex,Macaroons - Two Bite Choc
5407040360,Zathin,"Pepper - Black, Crushed"
9661379645,Zathin,"Pasta - Bauletti, Chicken White"
2362454185,Bitchip,Bread - Dark Rye
4251945433,Tempsoft,"Lamb - Whole, Fresh"
7341860197,Treeflex,"Nut - Pecan, Halves"
8611093461,Ronstring,"Mushroom - Shitake, Fresh"
5172281851,Tresom,Scallops - 20/30
7931216431,Voyatouch,Wine - Chablis J Moreau Et Fils
0598794271,Voltsillam,Pastrami
9133011397,Sub-Ex,Pasta - Cheese / Spinach Bauletti
9341652553,Otcom,Truffle Paste
9068397842,Tampflex,Bread Fig And Almond
7662031764,Voyatouch,Mousse - Mango
4912981311,Fix San,Chips - Potato Jalapeno
5598009560,Zoolab,Sambuca Cream
0634016210,Latlux,Wine - Ej Gallo Sierra Valley
1983960403,Treeflex,Cafe Royale
7345590496,Y-find,Muffin Mix - Raisin Bran
3265997200,Bytecard,"Rosemary - Primerba, Paste"
4969418438,It,Snapple - Mango Maddness
4733655576,Tempsoft,Wine - Casablanca Valley
0503823449,Opela,Parasol Pick Stir Stick
1429009128,Bamity,Fennel
9747474719,Zamit,Chicken Breast Halal
7064374285,Zoolab,Campari
9473025432,Subin,Aspic - Clear
5599241289,Y-Solowarm,Broom - Corn
4807257382,Rank,"Extract - Vanilla,artificial"
3552191208,Bytecard,Vinegar - Tarragon
5572465410,Konklux,Wine - Rosso Toscano Igt
9918274778,Subin,Danishes - Mini Raspberry
9664512850,Konklab,Beans - Yellow
3241773388,It,Sprouts - Onion
1754722628,Keylex,Sprite - 355 Ml
7772735294,Ventosanzap,"Oil - Truffle, Black"
0073783846,Tampflex,Sardines
6743881953,Rank,"Pasta - Fettuccine, Dry"
7831629610,Daltfresh,Buffalo - Short Rib Fresh
0609780794,Zontrax,"Thyme - Lemon, Fresh"
0610914227,Latlux,Sauce - Sesame Thai Dressing
9737881494,Transcof,Wine - Casablanca Valley
2996953703,Ventosanzap,Eggwhite Frozen
2779649011,It,"Wine - White, Colubia Cresh"
2417785749,Keylex,Muffin Mix - Banana Nut
2083565940,Redhold,Duck - Fat
9999386873,Lotstring,"Flour - Bran, Red"
4947727349,Quo Lux,Coffee Beans - Chocolate
8890982837,Gembucket,Saskatoon Berries - Frozen
2077144785,Gembucket,"Stock - Chicken, White"
5372048204,Fixflex,Cheese - Shred Cheddar / Mozza
7915468715,Kanlam,Rabbit - Frozen
8798351079,Zontrax,Longos - Greek Salad
9357123709,Latlux,Skirt - 24 Foot
4431260765,Solarbreeze,Bread - Crusty Italian Poly
7918217004,It,Flour - Cake
2461584001,Tampflex,Dikon
2334186058,Gembucket,Spinach - Frozen
9176031705,Latlux,Oil - Avocado
5713221563,Zontrax,Sobe - Orange Carrot
5603716991,Domainer,Island Oasis - Peach Daiquiri
9463606262,Voyatouch,Apple - Fuji
6333954985,Voyatouch,Rootbeer
0496896237,Zathin,Wine - Guy Sage Touraine
3564630686,Prodder,Godiva White Chocolate
3549686846,Solarbreeze,"Pork - Loin, Center Cut"
1690091924,Andalax,Appetizer - Cheese Bites
0024197777,Transcof,"Veal - Brisket, Provimi, Bone - In"
6811109777,Zontrax,Salt And Pepper Mix - White
6964006753,Zamit,Wine - Toasted Head
4102825401,Stronghold,Chivas Regal - 12 Year Old
3304730044,Opela,Tomatoes - Grape
5683391369,Treeflex,Trout - Smoked
3444114893,Trippledex,"Pasta - Fettuccine, Egg, Fresh"
4470600059,It,Chocolate - Dark Callets
5289295755,Alpha,"Rum - Dark, Bacardi, Black"
5803435430,Zamit,Pepper - Red Chili
7986335173,Fintone,"Pepper - Chillies, Crushed"
6526341934,Gembucket,Cheese - Bakers Cream Cheese
5085184769,Flexidy,"Pasta - Penne, Lisce, Dry"
2814209868,Bitchip,"Lamb - Whole, Fresh"
7456648786,Stim,Kellogs Raisan Bran Bars
5637083630,Stringtough,"Sugar - Sweet N Low, Individual"
6247622481,Kanlam,"Shrimp - 21/25, Peel And Deviened"
2353638783,Sonsing,Wine - Ruffino Chianti Classico
4488662870,Quo Lux,Mushroom - Crimini
6163670973,Redhold,Bread - Pumpernickel
8373446516,Zontrax,Potatoes - Pei 10 Oz
9451031189,Asoka,Anchovy In Oil
8973567721,Alpha,Gatorade - Fruit Punch
3733379721,Namfix,Beef - Diced
8863447330,Fixflex,Beans - Fine
2784151883,Konklab,Pears - Bartlett
3702894438,Ronstring,Chocolate Liqueur - Godet White
8316141574,Flowdesk,Mince Meat - Filling
7696979450,Konklab,Wine - Sake
0482077654,Wrapsafe,Nectarines
2939691509,Home Ing,Island Oasis - Lemonade
8620711954,Bytecard,"Wine - Magnotta, White"
4140600845,Gembucket,"Oil - Shortening,liqud, Fry"
3578642002,Wrapsafe,Wine - Black Tower Qr
7121646692,Aerified,Skirt - 29 Foot
2895438919,Latlux,Sugar - Invert
6121760125,Tampflex,Beef - Tenderloin Tails
0532049942,Aerified,Sauce - Salsa
2735540723,Vagram,Cup - 8oz Coffee Perforated
8425714478,Bytecard,"Potatoes - Purple, Organic"
9206791303,Sonsing,Beef - Shank
8865956127,Solarbreeze,Coriander - Ground
8912884166,Rank,Remy Red Berry Infusion
3314317174,Quo Lux,Wine - Pinot Noir Stoneleigh
8260671824,Hatity,Onions - Pearl
8705262542,Keylex,Wine - Guy Sage Touraine
4818620327,Transcof,Bagel - 12 Grain Preslice
4583520298,Konklab,Beef Ground Medium
0014854856,Duobam,Bread - Crusty Italian Poly
3167558490,Lotlux,Pie Pecan
9127100383,Pannier,Cheese - Grie Des Champ
4558563663,Span,Glaze - Clear
9909886057,Aerified,Lychee - Canned
2071299329,Keylex,"Roe - Lump Fish, Red"
1747695777,Tampflex,Beer - Camerons Auburn
2114864456,It,Ham - Virginia
6122378194,Toughjoyfax,Butter Ripple - Phillips
3888406846,Andalax,Chevril
1900337363,Veribet,Cornstarch
1389197107,Subin,Turnip - White
3504114444,Alpha,Mix - Cappucino Cocktail
8278276129,Y-find,Celery Root
2815067889,Trippledex,Truffle Cups - Red
9469700805,Zamit,Bread - Petit Baguette
6364461859,Solarbreeze,Turkey Tenderloin Frozen
7705546205,Viva,"Beef - Cooked, Corned"
3280128110,Keylex,Wine - Prosecco Valdobiaddene
1047773562,Bytecard,Vinegar - Balsamic
7191349913,Y-Solowarm,"Ham - Smoked, Bone - In"
6169642785,Aerified,Icecream Cone - Areo Chocolate
2145987398,Sub-Ex,Cookie Choc
2455165728,Sonsing,Tea - Decaf Lipton
6977280182,Fix San,Scallops - In Shell
8767092632,Subin,Snails - Large Canned
1877431249,Lotlux,Mix - Cocktail Ice Cream
1122190069,Viva,Macaroons - Two Bite Choc
8753197240,Vagram,Lid - 0090 Clear
2726939090,Fintone,"Syrup - Monin, Irish Cream"
9946188902,Zamit,Muffin - Carrot Individual Wrap
9978811206,Transcof,Squid Ink
2754346341,Viva,Plasticforkblack
4696712508,Fixflex,Sea Bass - Fillets
3538541108,Otcom,Bar Mix - Lime
7938999253,Stringtough,"Cheese - Havarti, Salsa"
6223650841,Fixflex,"Yeast - Fresh, Fleischman"
9105989507,Treeflex,"Yogurt - Banana, 175 Gr"
9042195290,Latlux,Veal - Slab Bacon
8244157054,Rank,Chocolate - Dark Callets
2144339007,Toughjoyfax,"Capon - Breast, Double, Wing On"
8355564898,Bigtax,"Rum - Dark, Bacardi, Black"
4331543382,Latlux,Lady Fingers
0385913567,Treeflex,Chinese Lemon Pork
5194228031,Voyatouch,Veal - Provimi Inside
1487290845,Viva,"Cheese - Brie, Triple Creme"
9356350833,Redhold,"Mushroom - Trumpet, Dry"
8263716276,Toughjoyfax,Sunflower Seed Raw
3826941365,Stim,Flour - Masa De Harina Mexican
4747645918,Prodder,Longos - Greek Salad
8121128994,Fintone,Beef - Ground Lean Fresh
8760655259,Konklux,"Wine - Red, Lurton Merlot De"
3025514515,Andalax,Towel - Roll White
6970504654,Alpha,V8 - Vegetable Cocktail
3839836573,Holdlamis,Carbonated Water - White Grape
1211819671,Flexidy,Yeast Dry - Fleischman
7839084753,Stronghold,Cabbage - Savoy
0182306690,Transcof,"Lentils - Green, Dry"
2244405257,Pannier,Table Cloth 62x120 White
7963140295,Lotlux,"Bread - Bagels, Mini"
4573536469,Home Ing,"Pesto - Primerba, Paste"
8003310954,Sonsing,Water - Green Tea Refresher
6237687866,Solarbreeze,Cookie Choc
2691859193,Tresom,"Split Peas - Green, Dry"
0239378539,Kanlam,Beer - Paulaner Hefeweisse
5122430012,Latlux,Compound - Rum
0865911185,Lotstring,Samosa - Veg
7869559229,Duobam,Bread - Raisin Walnut Oval
4230509421,Y-find,Food Colouring - Blue
9832619467,Overhold,Napkin White
2949132944,Y-find,Bag Clear 10 Lb
4009413530,Solarbreeze,Bay Leaf
8378113744,Zaam-Dox,"Pasta - Cappellini, Dry"
4685856295,Voltsillam,Island Oasis - Cappucino Mix
1262243610,Prodder,"Wine - White, Mosel Gold"
8672044738,Voyatouch,Soap - Hand Soap
1513750615,Ronstring,Bar - Granola Trail Mix Fruit Nut
3532460173,Zathin,Bread Roll Foccacia
5464562605,Veribet,Bread - White Epi Baguette
7211145641,Fix San,Container Clear 8 Oz
0885475100,Sonair,Appetizer - Veg Assortment
7079891299,It,Gloves - Goldtouch Disposable
9084266919,Zaam-Dox,"Lamb - Pieces, Diced"
2014770360,Fintone,Puree - Strawberry
9035048857,Namfix,"Beef - Tenderlion, Center Cut"
8510116539,Temp,Longos - Penne With Pesto
1757587632,Fintone,Milk - Skim
2512052400,Lotlux,Cookie Chocolate Chip With
4226077040,Kanlam,Oil - Coconut
7257610452,Subin,"Beef - Bones, Marrow"
3092802330,Latlux,Apple - Fuji
8347988293,Ventosanzap,Skirt - 29 Foot
2383034231,Voyatouch,Cookies - Englishbay Wht
6556896012,Cardify,"Tortillas - Flour, 12"
9253824182,Domainer,Mudslide
4267638772,Subin,Beets - Mini Golden
9977215782,Subin,Propel Sport Drink
7588279079,Konklux,"Cup - 3.5oz, Foam"
7391772046,Otcom,Dill Weed - Fresh
6643162084,Treeflex,Lamb Rack - Ontario
0819152773,Cookley,Spice - Pepper Portions
0652812856,Bytecard,Pate - Peppercorn
1515804240,Zontrax,"Lemonade - Strawberry, 591 Ml"
2206361019,Tin,Chevere Logs
2098843623,Span,Mayonnaise
3951738952,Cookley,Container - Foam Dixie 12 Oz
9075187548,Cardguard,Asparagus - Mexican
6827500217,Bigtax,Pork - Suckling Pig
2639765914,Y-find,Ham - Black Forest
1249529484,Sonsing,Nut - Pumpkin Seeds
0157182959,Duobam,Shallots
4193780449,Cookley,Wine - Fontanafredda Barolo
0857435116,Voltsillam,"Lobster - Baby, Boiled"
8780390374,Vagram,"Seedlings - Mix, Organic"
5061741706,Solarbreeze,Wine - Taylors Reserve
7615750776,Regrant,Butter - Salted
4507717132,Solarbreeze,Fib N9 - Prague Powder
6940588884,Solarbreeze,Alize Sunset
9931780754,Temp,Cheese - Perron Cheddar
2026562016,Y-find,Chutney Sauce - Mango
7934938519,Zathin,"Wine - Red, Metus Rose"
1560051337,Duobam,Soup - Campbells Asian Noodle
4113393222,Keylex,True - Vue Containers
7942167070,Andalax,Pear - Halves
9186300997,Konklab,Artichokes - Jerusalem
5432525852,Duobam,Wiberg Cure
4872530284,Tempsoft,Chicken - Tenderloin
4707877559,Otcom,Clam - Cherrystone
1081631619,Stringtough,Sea Urchin
2818877946,Fixflex,Beer - Pilsner Urquell
0324122667,Bigtax,Wine - Sauvignon Blanc
4496231573,Regrant,Ginger - Fresh
2265583588,Fintone,Kellogs Cereal In A Cup
0750710861,Wrapsafe,Spinach - Frozen
7419171068,Y-find,"Quail - Whole, Boneless"
6201509860,Mat Lam Tam,Wine - Acient Coast Caberne
1299081673,Lotstring,Spice - Onion Powder Granulated
0140077650,Tin,Longos - Chicken Wings
6674718173,Daltfresh,Wine - Mondavi Coastal Private
8010383791,Treeflex,Potatoes - Idaho 80 Count
4027194098,Fintone,Thermometer Digital
1531957536,Domainer,"Oil - Shortening,liqud, Fry"
6366693706,Regrant,Butcher Twine 4r
8444433217,Wrapsafe,Dill Weed - Fresh
4053535646,Bigtax,Coffee Cup 16oz Foam
3546518640,Stim,Juice - Cranberry 284ml
5118555736,Rank,Eggplant Italian
9957583603,Zamit,Water - Aquafina Vitamin
0349682666,Prodder,"Fish - Soup Base, Bouillon"
2640948806,Fix San,Cheese - Brick With Onion
2339201675,Wrapsafe,Piping - Bags Quizna
1680505580,Keylex,Pear - Prickly
1116754460,Zamit,Bread Bowl Plain
3299759361,Aerified,Cheese - Bakers Cream Cheese
1680193635,Cardguard,Shichimi Togarashi Peppeers
6764279411,Alpha,"Oregano - Dry, Rubbed"
7946410840,Fixflex,Pie Filling - Apple
9743571957,Tres-Zap,V8 - Berry Blend
0117523291,Span,Bread - Burger
6353512252,Toughjoyfax,Lumpfish Black
5240012164,Y-find,Sorrel - Fresh
7501967911,Bamity,Veal - Provimi Inside
0990540030,Quo Lux,Parsley Italian - Fresh
7358012534,Redhold,Puff Pastry - Slab
4406899472,Home Ing,Muffin Orange Individual
4562210249,Wrapsafe,Chinese Foods - Thick Noodles
7092613795,Lotlux,"Salt - Rock, Course"
0844744999,Quo Lux,Mushroom Morel Fresh
1511496134,Holdlamis,Glass Clear 8 Oz
3553186658,Quo Lux,Dried Apple
7455236093,Fixflex,Kaffir Lime Leaves
0005257425,Y-find,Truffle Paste
7764501603,Cardguard,Baking Powder
5031632240,Span,Coffee - Flavoured
9441963666,Otcom,Cheese - Parmesan Cubes
3087983179,Matsoft,Cheese - Comte
9197298549,Cookley,Green Tea Refresher
8110214320,Treeflex,Whmis Spray Bottle Graduated
0574267840,Tempsoft,Mushroom - Portebello
9791537623,Domainer,Rice - Aborio
4359326750,Zamit,Cheese - Pont Couvert
0107644991,Bigtax,Energy - Boo - Koo
5992175482,Otcom,Potatoes - Peeled
4592699564,Toughjoyfax,Cherries - Fresh
4104226289,Subin,Lighter - Bbq
1164732986,Zontrax,Wine - Magnotta - Cab Sauv
3900319766,Tresom,Rappini - Andy Boy
6133615125,Andalax,Veal - Bones
1312198133,Prodder,"Salmon - Whole, 4 - 6 Pounds"
0841334579,Rank,Amarula Cream
9360166170,Opela,Irish Cream - Baileys
4629886001,Sub-Ex,Lettuce - Iceberg
9463328475,Flexidy,"Nut - Walnut, Chopped"
5392175996,Ventosanzap,"Soup - Campbells, Lentil"
9170723117,Greenlam,Liqueur - Melon
1776218868,Solarbreeze,Chick Peas - Dried
2382845554,It,Creme De Menth - White
6121316683,Kanlam,Chicken - Livers
0119392380,Holdlamis,"Lamb - Pieces, Diced"
4052995678,Trippledex,Coffee Cup 8oz 5338cd
6634438919,Transcof,Juice - Happy Planet
6736900492,It,Sauce - Soy Low Sodium - 3.87l
0721218458,Ronstring,Wine - Prosecco Valdobienne
2982641933,Tin,Compound - Rum
5227262543,It,Yokaline
9479126354,Otcom,Pork Casing
6538050301,Bytecard,Scotch - Queen Anne
8474198976,Treeflex,Beef - Ground Lean Fresh
1301766070,Flowdesk,"Pasta - Canelloni, Single Serve"
5583397985,Stringtough,Artichokes - Jerusalem
1796687553,Flexidy,Bar Mix - Lemon
6083117437,Holdlamis,Tomato Paste
3153251401,Cardguard,Chef Hat 25cm
0063072459,Sonsing,Bread - Focaccia Quarter
4548219986,Asoka,Kellogs Cereal In A Cup
3231742099,Cookley,Beef Flat Iron Steak
2521592498,Cardguard,Spinach - Baby
4993257678,Andalax,Veal - Leg
9181511469,Zathin,Versatainer Nc - 888
9585559358,Overhold,Mussels - Frozen
6807827776,Sonair,Pepper - Yellow Bell
4691800980,Viva,Greens Mustard
4577484137,Lotlux,Green Tea Refresher
3282320965,Domainer,Wine - Maipo Valle Cabernet
7709128572,Bigtax,Lettuce - Sea / Sea Asparagus
3330964960,Sonsing,"Veal - Inside, Choice"
1400810310,Zaam-Dox,Garlic - Elephant
6815442101,Lotlux,"Wine - Red, Black Opal Shiraz"
5848216789,Stim,Grapes - Green
4468346795,Tresom,Pastry - Key Limepoppy Seed Tea
9262044704,Zontrax,Flour - So Mix Cake White
5127649845,Ronstring,Chervil - Fresh
9927271603,Solarbreeze,Curry Powder Madras
4893172646,Toughjoyfax,Bread - Pita
2778264841,Wrapsafe,Flour - Masa De Harina Mexican
6130634951,Ventosanzap,Chicken - Bones
5736951495,Fix San,"Wine - White, Gewurtzraminer"
1979444870,Tres-Zap,Pork - Bones
7045949596,Konklab,Spice - Onion Powder Granulated
4808031515,Tampflex,"Water - Mineral, Carbonated"
4812566525,Bytecard,Crab - Soft Shell
0630517169,Sonair,Beets
6124683288,Zontrax,Nantucket - Pomegranate Pear
5726004108,Zontrax,The Pop Shoppe - Lime Rickey
5175654144,Andalax,"Juice - Apple, 1.36l"
5346198792,Prodder,Table Cloth 91x91 Colour
9740835376,Hatity,Bread Bowl Plain
7493443858,Opela,Table Cloth 91x91 Colour
2819873782,Tempsoft,Strawberries
6850316281,Tempsoft,Alize Sunset
0088726983,Konklux,Vol Au Vents
6774380395,Keylex,Fenngreek Seed
7650063364,Aerified,Sea Bass - Whole
9688414441,Fix San,Cream Of Tartar
8532281087,Opela,"Nut - Almond, Blanched, Ground"
7295986561,Quo Lux,Appetizer - Mushroom Tart
1638920656,Aerified,Tilapia - Fillets
2604235218,Sonair,Mayonnaise
4811776593,Zathin,Beer - Labatt Blue
7106298123,Mat Lam Tam,Bread Base - Gold Formel
1397035382,Daltfresh,Sausage - Liver
0357105397,Flowdesk,Creme De Cacao Mcguines
6461589899,Rank,Bagelers - Cinn / Brown
8448470753,Mat Lam Tam,Tequila Rose Cream Liquor
2443471322,Solarbreeze,Cabbage - Nappa
8255440097,Biodex,Irish Cream - Baileys
2341425518,Greenlam,Lobster - Tail 6 Oz
1878695932,Stronghold,Steampan - Lid For Half Size
7555330555,Duobam,Cinnamon Rolls
8162707689,Wrapsafe,Pizza Pizza Dough
2514890500,Bitwolf,Lobster - Cooked
7543538946,Cardify,Lid Tray - 12in Dome
8427607008,Pannier,"Bread - White, Sliced"
2177796318,Konklux,Lid - 16 Oz And 32 Oz
5259416201,Greenlam,Wine - Chardonnay Mondavi
4393289226,Alphazap,Sugar - Monocystal / Rock
3115722796,Quo Lux,Syrup - Monin - Granny Smith
9027950237,Stim,Breakfast Quesadillas
0418488061,Treeflex,Bread Base - Goodhearth
4330798301,Sonsing,"Pasta - Elbows, Macaroni, Dry"
2973623294,Zaam-Dox,Beer - Molson Excel
4960051388,Stim,Water - Perrier
1475753039,Veribet,"Soup - Campbells, Spinach Crm"
4388491365,Tres-Zap,Foil Wrap
1878046004,Cookley,Bols Melon Liqueur
9232976196,Viva,"Potatoes - Instant, Mashed"
5975400163,Daltfresh,Appetizer - Lobster Phyllo Roll
1847278019,Transcof,Fish - Bones
5312632368,Solarbreeze,Duck - Fat
6486770619,Tempsoft,Oil - Canola
1361718846,Bytecard,Muffin - Mix - Mango Sour Cherry
8923228222,Biodex,"Nut - Almond, Blanched, Whole"
0197434959,Veribet,Hot Choc Vending
9562384632,Tin,Flour - Fast / Rapid
2183442263,Trippledex,Paper Towel Touchless
0408601116,Kanlam,Cactus Pads
0803354827,Bitwolf,Beans - Yellow
5163389718,Hatity,Wine - Gato Negro Cabernet
8849513542,Ventosanzap,Onions - Cooking
