codigo,descripcion,monto,fecha
6964892192,Beer - Maudite,"$2,566.21",20/05/2021
3856286411,Plasticforkblack,"$5,058.00",15/11/2021
4209167185,Steamers White,"$7,393.24",20/11/2022
534924182,"Lamb - Leg, Diced",$210.27,17/05/2020
9350743159,Crab - Imitation Flakes,"$5,315.79",22/09/2021
5615640553,Flour - Whole Wheat,"$2,420.40",14/07/2017
3369969963,Shiro Miso,"$1,190.50",08/05/2017
9727480756,Coriander - Ground,"$8,854.41",24/12/2017
6469650147,Ecolab - Balanced Fusion,"$9,132.75",11/03/2018
3122773481,Wine - Chateau Timberlay,"$4,009.04",16/06/2016
3127183119,Pepper - Pablano,$886.49,23/12/2016
7237299379,Remy Red Berry Infusion,"$8,807.45",11/12/2019
8463251595,Appetizer - Veg Assortment,"$1,924.47",14/07/2020
5157053746,"Chilli Paste, Ginger Garlic","$1,270.08",23/04/2021
2803904691,Tomatoes - Orange,"$3,204.84",14/07/2016
9520511539,Pepper - Chili Powder,"$8,553.17",17/04/2016
4090061911,Fireball Whisky,"$9,688.83",21/11/2022
3034001568,Tamarillo,"$5,149.11",25/04/2016
6728445552,"Veal - Tenderloin, Untrimmed","$8,506.59",26/02/2021
659489384,Tomato - Peeled Italian Canned,"$1,945.16",21/01/2018
4388702366,Scotch - Queen Anne,"$5,290.60",10/02/2016
4317173549,"Crab - Blue, Frozen","$3,268.99",03/02/2018
3092353064,Wine - Chardonnay Mondavi,"$8,006.50",01/10/2019
7774868143,Beef - Flank Steak,"$6,636.62",05/07/2020
2661543341,Trueblue - Blueberry Cranberry,"$3,882.66",28/11/2020
9958156334,Chicken - Tenderloin,"$2,156.38",12/02/2021
9764596126,Oil - Sunflower,"$6,778.32",23/10/2015
8363110884,Wine - Marlbourough Sauv Blanc,"$4,502.70",09/05/2022
6071902479,Nut - Pumpkin Seeds,"$2,584.26",05/04/2019
3221935684,"Beans - Black Bean, Canned","$1,485.01",15/09/2017
7891876894,"Juice - Cranberry, 341 Ml","$9,995.92",05/04/2021
4651630634,Cranberries - Dry,"$7,915.99",28/12/2021
9028809082,Chocolate - Feathers,"$5,605.51",17/12/2021
8566138856,"Bread - Roll, Soft White Round",$814.86,06/07/2016
8811843553,Toamtoes 6x7 Select,"$7,903.64",07/09/2022
8845554945,Pate - Peppercorn,"$3,274.41",17/10/2018
4057533435,Container - Hngd Cll Blk 7x7x3,"$6,709.31",23/08/2016
6258457061,"Juice - Orange, 341 Ml","$5,426.58",11/01/2016
2261230273,Pork - Ham Hocks - Smoked,"$3,848.67",23/07/2016
5305742110,Cookie Double Choco,"$3,195.03",05/04/2022
5520294674,Seabream Whole Farmed,"$4,164.65",06/10/2017
4615786212,Clams - Bay,"$7,072.80",08/11/2019
1231383925,Nantucket Pine Orangebanana,"$9,898.00",08/08/2022
2451143150,Bacardi Raspberry,"$1,974.63",18/04/2016
5997212211,Bar - Granola Trail Mix Fruit Nut,"$9,010.07",17/03/2015
7822427296,Cups 10oz Trans,"$4,914.06",14/12/2015
8981349118,Tea - Honey Green Tea,"$7,209.78",02/11/2016
4117642014,Containter - 3oz Microwave Rect.,"$7,364.44",15/07/2015
6972464927,Longos - Grilled Chicken With,"$1,221.98",11/10/2020
3458746196,Coffee Decaf Colombian,"$9,060.31",17/07/2020
6596581713,Soup - Campbells - Tomato,"$8,171.70",30/12/2017
8240464130,"Turkey - Breast, Double","$8,991.47",01/03/2019
2298255962,Pears - Fiorelle,"$5,501.58",24/07/2015
7110037665,Olive - Spread Tapenade,"$4,468.70",05/11/2018
1832844544,Sauce - Hp,"$4,512.04",03/08/2019
1471280411,Cheese - St. Paulin,"$9,952.32",07/10/2018
4559729492,Peppercorns - Pink,"$7,980.12",13/03/2015
4068140146,Corn Syrup,"$8,613.32",19/07/2022
8331517660,Peppercorns - Green,"$5,646.09",10/09/2017
3777721999,French Pastries,"$9,811.56",16/01/2017
3132177857,Pork - Backfat,"$9,064.22",10/01/2016
5162651702,Banana - Leaves,"$3,605.87",17/04/2019
5415272143,Puff Pastry - Sheets,"$5,466.12",21/11/2020
8093353976,Monkfish Fresh - Skin Off,$340.35,29/08/2022
5258941906,Bread - Corn Muffaletta,$27.09,18/04/2019
8609730093,"Capon - Breast, Wing On","$8,897.68",30/04/2022
4928828755,Veal - Liver,"$1,689.56",01/06/2015
5025178339,Muffin - Mix - Creme Brule 15l,"$5,474.57",26/10/2015
4026204065,"Lamb - Shoulder, Boneless","$2,504.21",31/07/2022
6926287988,"Doilies - 7, Paper","$8,167.35",21/07/2022
792920465,Soup Campbells Mexicali Tortilla,"$1,393.55",19/11/2019
7859231190,Wine - Chablis J Moreau Et Fils,"$8,460.59",05/11/2017
3030065359,"Bread - White, Unsliced","$2,751.39",22/05/2021
644375078,Oven Mitt - 13 Inch,"$5,485.33",13/03/2015
2318372829,Shopper Bag - S - 4,"$6,163.17",21/05/2016
8900993011,Scampi Tail,"$8,682.45",27/01/2021
3672839396,"Coconut - Creamed, Pure","$4,559.27",28/03/2017
297458043,"Beans - Turtle, Black, Dry","$2,451.93",22/01/2022
9871424825,Banana Turning,"$7,808.79",17/01/2022
7023146059,Sterno - Chafing Dish Fuel,"$5,657.59",22/10/2021
8180783898,Ostrich - Fan Fillet,"$1,613.49",16/08/2019
2019104792,Muffin Mix - Oatmeal,"$6,699.44",05/03/2016
4061109030,Bread - Pumpernickel,"$3,967.09",10/09/2015
2875319337,Bag - Clear 7 Lb,"$9,489.67",22/03/2021
8227371116,Ice Cream Bar - Hagen Daz,$75.76,04/10/2018
9077806482,"Beef - Kindney, Whole","$4,129.64",02/08/2021
123332559,Potatoes - Idaho 100 Count,"$9,038.67",10/05/2022
6467947444,"Pasta - Gnocchi, Potato","$8,384.15",22/07/2020
2226811907,Muffin Orange Individual,"$6,947.93",27/08/2022
1211640256,Apricots Fresh,"$8,828.96",31/05/2021
8440000898,"Oil - Food, Lacquer Spray","$4,803.83",16/11/2016
5993631988,Veal - Provimi Inside,"$3,128.26",12/10/2015
4794609396,Pectin,"$7,595.79",29/08/2019
7218132197,Sauce Tomato Pouch,"$5,426.98",27/06/2017
767348613,Jicama,"$5,884.72",03/03/2020
9914882595,Nut - Pumpkin Seeds,"$5,268.78",03/08/2017
130859206,Pie Filling - Apple,"$9,241.24",27/08/2022
9330541712,"Pasta - Lasagna Noodle, Frozen","$9,554.42",25/05/2015
608414131,"Vermouth - Sweet, Cinzano","$7,271.61",04/12/2015
3988768006,Milk - Buttermilk,"$6,066.06",12/07/2019
3668733538,Cookies Almond Hazelnut,"$6,659.08",01/05/2022
3320876678,Coffee - Frthy Coffee Crisp,"$9,470.34",04/12/2019
5373451223,Bread Sour Rolls,"$5,648.17",15/05/2016
2144863091,Cheese Cheddar Processed,"$7,477.20",14/04/2016
305269151,Cheese - Cambozola,"$9,048.09",12/06/2018
1178875415,Pasta - Orecchiette,"$1,286.50",10/11/2015
8719455046,Onions - White,"$7,176.66",30/07/2021
9434244293,Coffee - Ristretto Coffee Capsule,"$9,029.95",23/12/2018
9899044717,Tea - Orange Pekoe,"$9,775.66",08/01/2021
1515666581,Sprouts - Baby Pea Tendrils,"$4,211.63",29/03/2018
3508902285,Parsley - Dried,"$7,427.71",17/12/2017
6889563115,Wine - Chateauneuf Du Pape,"$4,576.72",08/02/2017
4887408331,Bread - Pain Au Liat X12,"$3,221.86",22/07/2021
3634843071,Muffin - Mix - Creme Brule 15l,"$9,030.82",19/01/2021
7401035561,Chicken - Whole Fryers,$584.93,20/03/2017
4728472590,Mushroom - Portebello,"$1,190.69",08/10/2018
5887317582,"Mushrooms - Black, Dried","$2,241.61",26/07/2021
3883807354,Gatorade - Xfactor Berry,"$9,979.33",07/02/2022
7791931443,"Ranchero - Primerba, Paste","$9,949.66",09/03/2021
4654906525,"Split Peas - Green, Dry","$2,397.32",11/07/2015
6604028429,Coconut Milk - Unsweetened,"$8,285.56",19/05/2015
5529507220,Chocolate - Feathers,"$1,208.65",30/08/2017
2468661508,"Wine - Red, Black Opal Shiraz","$7,937.34",09/06/2020
4319072731,Spice - Greek 1 Step,"$1,637.64",13/09/2017
2202265457,Water - Perrier,"$6,717.55",17/03/2022
1052245099,Table Cloth 144x90 White,"$4,635.83",19/02/2022
5927240631,Mushrooms - Honey,"$1,741.82",12/02/2021
6621404921,"Juice - Apple, 500 Ml","$4,151.51",29/08/2021
6701947484,Rice Wine - Aji Mirin,"$4,967.83",08/02/2017
2807053149,Lid - 16 Oz And 32 Oz,"$8,950.52",13/11/2015
5944853921,Cleaner - Lime Away,"$7,234.44",24/11/2020
3205128575,"Iced Tea - Lemon, 340ml","$4,703.89",24/09/2019
8464722729,Beets,"$6,746.86",04/09/2018
4316078844,Puff Pastry - Sheets,"$7,738.76",13/02/2017
1344561306,Juice - Happy Planet,"$8,107.89",05/08/2016
4707741215,"Nut - Walnut, Pieces","$1,271.29",06/07/2016
2422325688,"Soup - Knorr, Veg / Beef","$6,309.09",15/03/2022
6344327804,"Roe - Lump Fish, Red","$1,993.41",09/07/2020
7189404708,Sugar - White Packet,"$1,670.80",26/08/2019
5372958588,Cabbage - Green,$351.67,13/12/2020
9160574321,Dikon,"$1,463.45",17/12/2015
264353250,Wood Chips - Regular,"$8,709.49",05/02/2021
7994806163,Wine - Prem Select Charddonany,"$6,289.69",27/04/2017
9708640506,Sprouts - Brussel,"$1,188.72",25/01/2022
3911039441,"Nestea - Ice Tea, Diet","$5,354.27",12/09/2017
2679694643,Versatainer Nc - 8288,$574.04,28/09/2019
5962125096,Compound - Rum,"$5,229.80",14/03/2019
1848668716,"Napkin - Cocktail,beige 2 - Ply","$4,836.46",02/12/2016
1642487880,Glass Clear 7 Oz Xl,"$1,342.65",21/10/2021
8537436011,Beef - Top Sirloin - Aaa,"$3,127.58",31/03/2015
9934098067,"Bread - White, Unsliced","$2,128.02",29/11/2017
5003610270,Ham - Black Forest,"$6,023.03",13/11/2021
5083316072,Sugar - Splenda Sweetener,$299.93,03/01/2015
2221676610,Glaze - Apricot,"$7,135.69",24/09/2017
706915070,Sauce - Balsamic Viniagrette,"$9,075.46",05/08/2019
3125248043,Lamb - Rack,"$1,484.74",02/04/2021
3766328395,"Chicken - Breast, 5 - 7 Oz","$1,236.94",23/10/2017
2483126294,"Bread - White, Sliced","$8,285.92",26/07/2019
5297349419,Lime Cordial - Roses,"$5,044.79",18/02/2015
2979871958,Sambuca - Opal Nera,$197.53,02/12/2020
5387526956,Plate Foam Laminated 9in Blk,$227.11,25/07/2022
7883375083,Pasta - Orecchiette,$246.53,13/03/2021
4143588897,Yucca,"$3,714.91",29/07/2017
9883242646,Energy - Boo - Koo,"$6,310.93",31/03/2016
5141466906,Carrots - Jumbo,"$8,096.82",20/06/2022
7210400710,Capers - Pickled,"$5,611.62",01/01/2016
9231449281,Ice Cream Bar - Hagen Daz,"$6,908.75",05/10/2017
1549207199,Puree - Kiwi,"$9,827.39",19/09/2022
6576896085,Bread - Granary Small Pull,"$5,787.37",11/02/2018
999374516,"Sauce - Gravy, Au Jus, Mix","$8,965.32",18/06/2015
3968087372,Cumin - Ground,"$8,185.94",02/03/2022
3139170319,Prunes - Pitted,$47.03,29/04/2020
1801551723,Beans - Wax,"$4,231.98",27/05/2019
5143874963,Wine - Gato Negro Cabernet,"$1,331.26",13/05/2021
938366076,"Vermouth - White, Cinzano","$4,961.16",27/07/2022
6749725422,Appetizer - Tarragon Chicken,"$8,673.61",15/03/2019
2474215611,Daves Island Stinger,"$6,170.21",11/05/2022
5220786644,Tea - Vanilla Chai,"$8,698.68",07/05/2022
5428537795,Longos - Grilled Chicken With,"$5,598.93",18/09/2018
5226153732,Table Cloth 53x53 White,"$1,335.99",13/12/2019
6801614703,Plasticknivesblack,"$4,696.91",15/11/2020
3093647886,Bar Special K,"$1,056.89",03/12/2016
7284343486,"Beef - Bones, Marrow","$2,515.19",20/05/2020
3305031662,"Tart Shells - Savory, 3","$8,013.04",15/08/2015
26044625,Smoked Tongue,"$4,197.74",07/03/2020
2565345755,"Sauce - Soya, Light",$194.64,06/10/2021
300961995,Wine - Cotes Du Rhone Parallele,"$3,491.64",27/05/2019
2863786008,"Pepper - Julienne, Frozen","$4,405.29",21/01/2020
9813812648,Sobe - Liz Blizz,"$6,591.23",10/01/2020
1343848822,Kohlrabi,"$2,687.59",03/10/2015
8723405007,Nantuket Peach Orange,$433.66,02/02/2015
7077723216,Pectin,"$4,247.22",27/02/2021
1649882459,"Shrimp - 16 - 20 Cooked, Peeled",$315.98,15/02/2017
5431322281,Bread - Bistro White,"$7,018.80",12/12/2018
7198693350,Lettuce - Lolla Rosa,"$6,654.63",28/02/2018
3114418287,Otomegusa Dashi Konbu,"$3,605.11",24/11/2021
162129041,Island Oasis - Raspberry,"$5,907.68",16/01/2015
3898546853,"Tortillas - Flour, 12","$2,636.60",25/12/2017
1144796598,Icecream - Dstk Strw Chseck,$350.44,22/03/2019
8263423694,"Vermouth - Sweet, Cinzano","$5,867.56",29/04/2017
2343457719,Glass Clear 7 Oz Xl,"$4,149.42",08/08/2016
2444145054,Sauce Tomato Pouch,"$3,729.59",27/10/2015
8218582630,Parsley Italian - Fresh,"$6,688.23",09/09/2020
3794176227,Cinnamon Rolls,"$7,227.02",25/01/2018
3620320535,Cleaner - Lime Away,"$7,596.67",26/08/2015
632508256,Cake - Lemon Chiffon,$463.74,14/08/2018
4862572243,Island Oasis - Strawberry,"$5,395.92",03/12/2015
6799067976,"Tortillas - Flour, 10","$9,284.88",18/01/2022
3817803419,Ice Cream Bar - Drumstick,"$6,611.95",08/04/2022
4937951092,Broom - Push,"$8,789.96",11/02/2015
455371806,Venison - Ground,"$5,399.88",30/01/2021
5836377006,Hold Up Tool Storage Rack,"$4,160.03",10/01/2018
3944158237,Green Tea Refresher,"$6,970.65",25/04/2015
2989705643,Paper Towel Touchless,"$4,106.87",06/11/2021
941626393,Bar - Granola Trail Mix Fruit Nut,"$9,582.02",03/01/2019
1008509671,Kumquat,"$5,894.27",07/04/2021
832427160,Appetizer - Mango Chevre,"$1,534.59",01/01/2022
9949030609,"Beef - Tenderlion, Center Cut","$1,722.72",04/12/2019
5589181666,Grapes - Black,"$6,022.88",19/07/2020
4021140913,Sachet,"$6,783.48",21/03/2016
4035880426,Oregano - Fresh,"$8,217.29",21/05/2015
3705171259,Cheese - Bakers Cream Cheese,"$9,495.11",17/09/2020
7899156947,Dc - Frozen Momji,"$6,500.87",19/02/2020
4251541413,Pork Casing,"$7,535.47",20/10/2017
1198673540,Chicken - White Meat With Tender,"$3,805.80",27/04/2022
5460771528,Paper Towel Touchless,"$8,993.56",12/12/2016
7277736745,Table Cloth 62x114 White,"$6,368.32",25/08/2021
6998967101,Cookies - Englishbay Oatmeal,"$3,396.46",30/10/2019
4981868375,"Stock - Veal, Brown","$8,631.66",05/10/2021
7094149662,Sole - Fillet,"$1,873.79",15/05/2017
9246555384,Wine - Segura Viudas Aria Brut,"$6,900.08",30/05/2017
2948648203,Eggwhite Frozen,"$9,398.91",24/09/2020
6861290211,Curry Powder,"$1,179.24",16/08/2020
278494153,Cheese - Brick With Pepper,"$2,491.09",04/08/2016
3867480451,Spice - Montreal Steak Spice,"$7,988.80",13/05/2015
3676171268,Kumquat,"$7,230.14",02/08/2016
727291661,Vinegar - Raspberry,"$1,573.50",18/07/2015
2749166691,Sugar - Brown,"$7,904.53",15/01/2020
5790976964,Muffin Hinge - 211n,"$6,264.09",27/11/2019
9718547908,Carrots - Jumbo,"$4,033.35",16/04/2018
977694712,Lid Tray - 12in Dome,"$3,752.23",03/09/2021
1994428252,Chocolate - Milk Coating,"$5,613.61",04/02/2020
1110778201,"Tortillas - Flour, 8","$8,038.75",06/11/2018
8018849145,Carroway Seed,"$4,092.85",11/05/2016
2735318206,Pastrami,"$5,525.32",12/09/2016
2921248298,Wine - Chianti Classico Riserva,"$7,077.46",18/04/2016
238402770,Wine - Rhine Riesling Wolf Blass,"$1,377.37",02/07/2016
2697259740,"Octopus - Baby, Cleaned","$6,165.77",08/11/2017
7344383152,"Salmon - Whole, 4 - 6 Pounds","$3,266.10",29/06/2016
541562029,"Soup - Campbells, Cream Of","$4,447.07",19/10/2021
9154527252,Puree - Guava,"$3,741.71",26/08/2015
583923631,Mousse - Mango,"$9,586.54",19/11/2022
4645912186,Chicken - Base,$490.55,03/04/2016
4100980981,"Sauce - Apple, Unsweetened","$5,083.03",05/09/2020
3304683607,Cheese - Provolone,"$1,144.18",21/11/2017
6621432119,Wine - Vineland Estate Semi - Dry,"$4,464.10",07/03/2019
3969634555,Oil - Canola,$68.57,25/08/2018
4328868489,Durian Fruit,$692.10,07/09/2015
9708729426,Cookies - Amaretto,"$6,748.24",11/11/2018
2091328839,Smoked Tongue,"$2,570.47",29/12/2020
7857482749,Chocolate Bar - Reese Pieces,"$4,929.80",19/09/2017
4966611865,Vinegar - Sherry,"$6,722.01",16/04/2016
6303928625,Bread Base - Italian,"$3,241.42",21/12/2021
8586344885,Pepper - Chili Powder,"$9,152.35",23/01/2017
2894706758,Appetizer - Shrimp Puff,"$9,603.90",19/12/2022
2953339752,Table Cloth 62x120 White,"$9,982.28",09/02/2019
3977806181,Juice Peach Nectar,"$5,042.92",25/07/2020
1886588007,Flour - Strong Pizza,"$1,168.11",24/06/2015
5637311552,Cake - Bande Of Fruit,"$4,573.30",09/12/2016
3636119710,Lettuce - Spring Mix,"$2,783.40",14/04/2015
8372304777,Yogurt - French Vanilla,"$9,424.60",01/09/2022
8382232752,Lettuce - California Mix,"$3,380.57",13/12/2017
5821109310,Wine - Casillero Deldiablo,"$8,858.06",27/07/2021
1881748561,Vinegar - Sherry,"$9,345.58",05/08/2017
3041566591,Rosemary - Dry,$406.46,14/01/2015
9742200149,Chocolate - White,"$6,747.77",24/02/2019
5064050534,Beans - Fava Fresh,$661.08,18/02/2019
6764147922,Lettuce - Radicchio,"$6,056.71",07/05/2016
7051123319,Chocolate Bar - Reese Pieces,"$2,828.19",07/12/2017
7428525780,Cocktail Napkin Blue,"$3,195.51",08/11/2021
9157577749,Ostrich - Prime Cut,$82.68,21/01/2022
5581555869,"Mushroom - Chantrelle, Fresh","$7,218.34",28/07/2018
9594979496,Instant Coffee,"$3,547.66",22/10/2021
9373070495,Bread - Italian Corn Meal Poly,"$5,724.28",06/02/2019
2789125546,Mackerel Whole Fresh,"$6,735.59",08/08/2019
8489996172,Plasticforkblack,"$8,490.13",28/07/2021
4102897895,Lettuce - Boston Bib - Organic,"$1,106.25",20/04/2021
4325460888,Flour - Masa De Harina Mexican,"$5,846.92",17/04/2020
1138486027,Salmon Atl.whole 8 - 10 Lb,"$4,937.17",08/03/2017
1237709288,Hummus - Spread,"$7,315.86",09/05/2017
6865727541,Icecream - Dstk Super Cone,"$1,340.81",18/10/2017
6580459654,Pear - Prickly,$710.69,28/03/2019
8306460111,Paper - Brown Paper Mini Cups,"$9,148.62",20/01/2016
4704128806,Peppercorns - Green,"$7,552.53",01/01/2017
5731502420,"Tart Shells - Sweet, 4",$758.46,09/06/2019
6569005642,Propel Sport Drink,"$8,992.42",21/08/2021
6641787893,Juice - Lemon,"$5,161.08",17/09/2016
4048822381,Lettuce - Lolla Rosa,"$8,825.69",08/10/2017
8056309403,Mustard - Pommery,"$4,221.96",12/01/2018
5383928421,"Pepper - Chipotle, Canned","$8,384.18",25/05/2018
2738941443,Pie Box - Cello Window 2.5,"$6,528.42",30/06/2019
3742247190,Rosemary - Dry,"$4,715.36",11/02/2017
3759736491,Soup - French Can Pea,$164.79,27/05/2018
3942253836,Sugar - Monocystal / Rock,"$6,381.99",07/01/2018
9327331559,"Peas - Pigeon, Dry","$3,659.48",12/10/2015
2267573415,"Pork - Butt, Boneless",$826.56,18/01/2016
7940690841,Flower - Carnations,"$8,663.55",02/12/2015
2954418427,Energy Drink - Franks Pineapple,"$6,706.77",03/12/2019
169395405,Strawberries - California,"$2,049.98",12/11/2016
9657866146,Beans - French,"$6,793.34",24/07/2020
2509192094,Broom - Corn,"$7,726.22",28/08/2020
3506712063,"Pepper - Paprika, Spanish",$414.10,22/01/2018
8905124720,"Ice - Clear, 300 Lb For Carving","$2,442.78",01/05/2019
5790328318,"Rum - Coconut, Malibu","$1,699.88",14/06/2018
2127026136,Island Oasis - Mango Daiquiri,"$3,993.45",14/07/2015
3092762185,Steam Pan Full Lid,"$3,007.56",17/09/2017
155374087,"Lamb - Whole, Frozen",$914.03,17/09/2019
7131059633,Chips - Miss Vickies,"$5,225.13",15/06/2015
6481014212,Basil - Thai,$613.74,13/11/2019
8342411486,Fennel - Seeds,"$8,174.55",20/06/2016
603896766,Oneshot Automatic Soap System,"$7,261.74",29/12/2022
8270093254,Teriyaki Sauce,$269.91,09/08/2019
8011064525,Plums - Red,"$6,658.24",27/08/2019
5653279498,Gingerale - Diet - Schweppes,"$7,030.45",07/04/2016
8950431610,The Pop Shoppe - Lime Rickey,$876.60,17/12/2016
7364014322,Quail - Jumbo Boneless,"$2,488.88",05/08/2016
9281605961,Pastry - Apple Muffins - Mini,"$2,299.13",14/02/2018
3057594948,"Bread - Crumbs, Bulk","$1,083.01",12/06/2018
9678833794,Scallops 60/80 Iqf,"$3,274.46",09/07/2017
6672749500,Puree - Mocha,"$6,951.01",16/08/2018
8088327636,Island Oasis - Magarita Mix,$355.73,02/04/2021
3764137738,Wine - Spumante Bambino White,"$6,118.14",10/03/2015
8112601356,Cinnamon - Ground,"$5,712.13",14/07/2021
9191651077,Wine - Pinot Noir Pond Haddock,$112.65,11/12/2020
4428864582,Wine - Crozes Hermitage E.,"$3,831.71",08/02/2018
1697031021,Sobe - Berry Energy,"$7,756.24",15/11/2022
1465495479,"Tomatoes - Vine Ripe, Yellow","$2,348.86",20/10/2015
488840546,Onions - Red,"$8,354.00",04/11/2017
2268400204,Ice Cream - Vanilla,"$8,162.18",08/11/2016
570496756,"Nut - Walnut, Pieces","$4,013.96",07/06/2016
2433855330,"Wine - Sherry Dry Sack, William","$9,203.11",31/07/2018
1155921542,Salmon Atl.whole 8 - 10 Lb,"$2,821.07",19/08/2022
3243127475,Cookies - Fortune,"$9,102.09",14/03/2022
1593315864,Cheese - Cottage Cheese,"$9,503.92",13/09/2015
6566103465,Venison - Liver,"$2,340.61",14/05/2015
9857579043,"Vermouth - Sweet, Cinzano","$9,075.88",21/09/2020
4757446667,Vodka - Smirnoff,"$4,755.28",19/03/2020
8736648566,Pepper - Roasted Red,"$4,439.41",07/07/2022
9315817656,Muffin Batt - Choc Chk,"$5,491.58",28/04/2017
2679280326,"Beef - Roasted, Cooked","$7,133.48",22/09/2019
7635290134,Food Colouring - Blue,"$9,807.33",27/08/2019
6251990295,Gooseberry,"$9,668.19",14/01/2022
9228011203,Turkey - Oven Roast Breast,"$9,461.66",02/04/2020
760563675,Remy Red,"$9,678.50",29/03/2018
1906227586,Coriander - Seed,$150.04,03/08/2022
8201694031,Beer - Sleemans Cream Ale,"$7,310.00",19/09/2016
3465968492,"Yogurt - Raspberry, 175 Gr","$8,051.71",28/11/2021
7123611535,Spaghetti Squash,"$9,161.59",08/07/2019
779720334,Sage Ground Wiberg,"$3,007.08",13/12/2017
2832693865,Spice - Onion Powder Granulated,"$5,785.24",01/11/2019
2270085957,"Coke - Diet, 355 Ml","$2,392.16",14/08/2017
8282745022,Berry Brulee,"$8,822.38",25/08/2016
2103879570,Bacardi Breezer - Strawberry,"$7,930.77",02/12/2019
5722519987,Ice Cream - Chocolate,"$4,576.93",17/07/2018
9904288542,Green Tea Refresher,"$1,054.99",12/07/2015
5232069624,"Salt - Rock, Course","$1,167.08",06/08/2020
652800947,Ecolab Silver Fusion,"$6,604.82",16/07/2018
9288754466,Chocolate - Mi - Amere Semi,$264.05,06/01/2022
1855677318,Lumpfish Black,"$5,341.54",24/05/2016
8194922208,Water - Tonic,$877.51,27/01/2020
7402204359,Vinegar - Red Wine,"$6,445.19",06/01/2022
5807654064,Caviar - Salmon,"$5,489.28",20/08/2022
4430302715,Jameson Irish Whiskey,"$8,836.25",11/11/2019
3244827624,Wine - Rosso Toscano Igt,"$4,702.04",02/09/2015
9055533726,Extract Vanilla Pure,"$2,950.98",18/12/2018
267162677,Chocolate Bar - Oh Henry,"$1,910.30",18/08/2022
8735600179,Mayonnaise,"$5,321.60",14/10/2020
6970311155,Muffin Chocolate Individual Wrap,"$1,608.97",20/10/2015
6224251347,"Bread - Bagels, Mini","$5,586.77",03/04/2021
8016742416,Kolrabi,"$7,387.21",27/04/2015
6506905581,Turkey Leg With Drum And Thigh,"$6,335.39",22/06/2021
5918599967,Goldschalger,$429.44,19/09/2020
8177473387,Salmon Atl.whole 8 - 10 Lb,"$2,751.11",03/01/2022
2435982658,Ice Cream - Super Sandwich,"$9,019.93",20/07/2018
3527362436,"Pasta - Lasagne, Fresh","$1,021.64",13/04/2021
3087537772,"Beef - Cooked, Corned","$1,129.47",11/12/2022
2865653463,Sea Bass - Fillets,"$9,565.62",13/03/2019
8274863305,Lobster - Tail 6 Oz,$537.30,02/04/2017
3939374873,Beef - Diced,"$8,441.91",26/04/2016
4466785511,Pasta - Cheese / Spinach Bauletti,"$1,919.30",29/10/2017
3823089455,Lid Coffee Cup 8oz Blk,"$5,162.85",27/06/2017
3691411800,Mince Meat - Filling,"$8,742.69",28/07/2022
7425523930,Catfish - Fillets,$546.72,21/10/2018
3179122234,Taro Leaves,"$5,515.14",19/08/2015
9990119376,Venison - Racks Frenched,"$9,052.06",19/08/2019
6209439187,Miso Paste White,"$7,563.13",07/05/2016
4826509022,Wine - Pinot Noir Mondavi Coastal,$924.35,10/02/2019
5945481858,"Pork - Butt, Boneless","$7,303.12",25/04/2021
3096653747,"Beans - Black Bean, Preserved","$9,553.72",28/06/2016
976620413,Dip - Tapenade,"$9,346.26",23/06/2020
3124645537,Red Currants,"$6,221.36",29/12/2022
9177917529,Coffee - Irish Cream,"$4,127.38",15/01/2022
8690223924,Vinegar - Rice,"$3,942.13",05/05/2022
3579415808,Rootbeer,"$2,188.06",07/01/2018
4934739726,Sea Urchin,"$5,062.04",24/11/2021
2163746585,Piping Jelly - All Colours,"$3,355.54",29/09/2018
9093710230,Wine - Rioja Campo Viejo,"$7,638.42",12/04/2019
862734592,Wine - Puligny Montrachet A.,"$7,660.95",21/11/2016
9378059651,Beans - Yellow,$123.28,29/03/2018
6336433315,Cheese - Stilton,"$8,595.38",28/01/2015
8580775833,"Fish - Artic Char, Cold Smoked","$3,412.70",05/09/2019
9936936175,"Thyme - Lemon, Fresh","$9,013.10",09/06/2015
2161244779,Chicken - Leg / Back Attach,"$9,992.91",02/12/2022
9293005670,Muffin Mix - Lemon Cranberry,"$4,585.44",06/02/2017
4483268775,Aspic - Light,"$4,502.58",05/07/2022
3565266457,Jam - Apricot,"$3,290.22",25/06/2022
7752311723,"Beans - Kidney, Canned","$4,978.19",01/04/2015
9355698216,Shrimp - 100 / 200 Cold Water,"$7,503.50",21/09/2016
9808510183,Squash - Guords,"$9,060.18",29/11/2021
574415475,Cheese - Parmesan Grated,"$1,900.03",13/12/2018
7653245641,Allspice - Jamaican,"$7,621.79",21/04/2018
5700328801,Tomatoes - Hot House,"$5,276.52",26/07/2016
5646660866,"Crab - Dungeness, Whole, live","$5,328.12",14/03/2019
8318010361,Shrimp - Prawn,"$2,444.40",23/02/2018
2614323330,Veal - Leg,"$1,386.13",24/02/2017
6025147485,Coffee - French Vanilla Frothy,"$3,752.71",08/09/2018
6380133267,Spinach - Packaged,"$1,943.73",08/10/2022
8587218808,Vinegar - Tarragon,"$4,639.26",13/02/2015
9480709899,Hinge W Undercut,"$6,366.41",15/05/2022
2454732890,Soupfoamcont12oz 112con,"$5,402.25",15/03/2022
2135566071,Bag - Regular Kraft 20 Lb,"$3,842.71",19/03/2021
3324882567,Bread - Raisin Walnut Pull,"$5,686.25",20/03/2019
2884749608,Wine - Rubyport,"$5,385.17",23/03/2016
8000585332,Sauce - Fish 25 Ozf Bottle,"$1,382.78",19/09/2016
7910697236,Pepper - Green Thai,"$7,709.89",05/07/2020
1945718684,"Lamb - Pieces, Diced","$9,068.21",07/12/2015
8801719973,Aromat Spice / Seasoning,"$2,580.30",30/08/2019
3547096642,Tea - Mint,"$9,441.54",14/09/2017
5208126737,Tea - Herbal I Love Lemon,$102.65,10/05/2020
4764757273,Bay Leaf Fresh,"$2,997.46",06/11/2018
4636862244,Laundry - Bag Cloth,"$7,188.69",21/01/2015
5877863649,Salt And Pepper Mix - White,$951.36,08/08/2018
1467213144,Pork - Smoked Kassler,"$7,811.47",03/03/2018
4300547106,Mushroom - Portebello,"$6,671.10",03/02/2015
9420995291,"Pasta - Lasagna Noodle, Frozen","$6,312.48",05/01/2017
2589065159,Beef - Striploin,"$7,545.58",10/10/2022
3905251787,Ice Cream - Life Savers,"$7,545.90",01/10/2015
5803272183,"Lemonade - Natural, 591 Ml","$9,616.40",21/02/2019
3829841590,Beets - Golden,"$1,607.87",13/09/2021
6001920303,"Doilies - 10, Paper","$7,915.80",04/01/2017
6948599443,Cheese - Bocconcini,"$7,670.28",06/10/2015
9218851578,"Octopus - Baby, Cleaned","$2,384.96",09/06/2015
4762079332,"Wine - Red, Antinori Santa","$3,090.20",10/06/2017
8474119650,Pears - Fiorelle,"$8,387.30",10/06/2016
9248510507,Cherries - Frozen,"$9,020.72",20/11/2022
2138200981,Grand Marnier,"$2,581.14",09/01/2019
7488599888,Mangostein,$761.14,02/08/2021
4024186957,Wine - Saint Emilion Calvet,"$4,504.50",27/02/2018
7249721607,Tuna - Fresh,"$1,541.51",14/12/2016
6466842126,Foam Espresso Cup Plain White,"$3,257.57",05/09/2020
1920478639,Tart - Butter Plain Squares,"$1,032.45",10/01/2021
3388977232,Island Oasis - Strawberry,"$1,441.02",15/07/2022
4302881763,"Bread - Pullman, Sliced","$2,749.83",18/01/2015
7779084914,Veal - Loin,"$1,836.79",07/11/2018
780345940,Higashimaru Usukuchi Soy,"$7,535.28",10/04/2019
907749992,Cups 10oz Trans,"$2,548.92",28/12/2021
7888756042,Grand Marnier,$906.25,13/05/2016
6958754867,Soup Campbells Split Pea And Ham,"$1,541.97",14/03/2015
6952116508,Curry Powder Madras,"$6,293.69",13/04/2015
7942158764,Beer - Labatt Blue,"$4,590.18",03/01/2018
6596961591,Steampan - Half Size Shallow,"$1,486.97",25/07/2016
9041076336,Squid - Tubes / Tenticles 10/20,"$5,017.73",25/06/2016
7164070067,Hagen Daza - Dk Choocolate,"$9,815.85",10/08/2018
9218144367,Onions - Vidalia,$751.16,23/03/2015
3861838788,Dill Weed - Fresh,"$9,978.43",08/02/2016
2195386525,Pineapple - Regular,"$4,476.60",06/09/2018
6975982538,Beef - Tender Tips,"$7,124.87",15/11/2015
9315305736,Eggplant Oriental,$893.37,15/05/2017
2239672757,"Pasta - Cappellini, Dry","$6,177.06",17/04/2020
8343773578,"Crab - Blue, Frozen","$8,214.97",11/07/2021
4401018702,Urban Zen Drinks,"$8,321.83",24/04/2022
7645937068,Veal - Nuckle,"$8,255.23",17/09/2017
1331465605,Tarragon - Fresh,"$4,639.16",05/07/2017
1579763634,"Water - Mineral, Natural","$8,538.05",02/06/2020
6874924346,Beef - Tenderloin Tails,"$7,883.48",07/05/2015
7321272486,Olives - Kalamata,"$5,361.54",01/11/2017
516858343,Bread - Olive Dinner Roll,"$8,309.21",29/08/2018
1898764980,Bread - Dark Rye,"$4,804.79",18/12/2015
6675786059,Pumpkin - Seed,"$4,316.95",04/11/2018
4911029668,Ham - Cooked,"$9,930.74",22/03/2018
1112907335,Cookie Dough - Peanut Butter,"$6,062.21",18/07/2017
2643923197,Aromat Spice / Seasoning,"$7,590.03",19/08/2016
41911067,Rice - Brown,"$1,176.26",13/06/2022
3545127443,"Lemonade - Island Tea, 591 Ml","$3,926.17",08/04/2015
4732117872,"Beef - Cooked, Corned","$7,743.19",16/12/2019
2642892786,Pork - Ground,"$9,608.93",20/06/2022
3257181191,Frangelico,"$2,752.39",27/12/2015
7338172226,Onions Granulated,"$9,129.26",21/01/2019
4500311394,Fond - Chocolate,"$8,868.54",02/03/2015
6264780464,Chinese Foods - Cantonese,"$4,123.44",13/07/2016
8816114088,Papayas,"$6,767.47",09/03/2017
4086965798,Flower - Commercial Spider,$442.91,01/07/2015
5211719565,Chevere Logs,$151.99,26/04/2022
7390390735,Chocolate - Liqueur Cups With Foil,"$5,812.24",04/02/2022
2206961636,Kellogs Special K Cereal,"$3,080.53",04/05/2018
5079024992,Scallops - Live In Shell,"$8,062.49",10/08/2016
2225860947,"Brandy - Orange, Mc Guiness","$4,371.69",09/09/2017
7978979253,"Carrots - Mini, Stem On","$4,684.39",20/06/2020
3111296253,Sauce - Hp,"$7,705.84",25/09/2016
3553773855,"Vodka - Lemon, Absolut","$6,121.21",15/03/2019
9003624682,Garbage Bags - Black,"$1,408.52",27/10/2015
7702840749,Wheat - Soft Kernal Of Wheat,"$1,093.95",20/10/2022
145630978,Muffin Orange Individual,"$9,654.73",06/07/2015
1909626465,Parasol Pick Stir Stick,"$7,990.03",24/03/2020
3830091656,Crab - Meat,"$6,017.09",22/11/2020
9778993890,Pork - Back Ribs,"$2,529.59",15/06/2022
323186718,Appetizer - Chicken Satay,"$3,141.31",03/03/2019
6082063341,Vinegar - Cider,"$5,198.72",08/05/2017
9731612394,Brandy - Bar,"$4,416.77",28/05/2020
1271604450,"Soup - Beef, Base Mix","$3,220.96",06/08/2021
9731112103,Food Colouring - Pink,"$2,513.93",25/06/2022
9126200554,Grenadillo,"$5,883.07",23/04/2017
5923259796,"Juice - Grapefruit, 341 Ml","$7,009.94",19/04/2016
4237337146,Chips - Miss Vickies,"$4,800.88",29/08/2015
2520251123,Magnotta Bel Paese Red,$590.49,01/02/2022
6185766353,Teriyaki Sauce,"$5,081.77",21/03/2019
1708812148,Sherbet - Raspberry,"$2,698.33",28/04/2021
4198025479,Wiberg Super Cure,"$9,414.23",28/12/2020
510062911,Fudge - Cream Fudge,"$2,260.37",08/11/2020
286208555,Sauce - Sesame Thai Dressing,"$2,739.18",04/11/2015
8740676714,Appetizer - Lobster Phyllo Roll,$277.57,26/07/2018
2520039345,Energy Drink - Franks Pineapple,"$4,191.38",19/08/2019
5977743343,Eggplant Oriental,"$8,105.55",19/12/2022
846313529,Cleaner - Comet,"$7,040.35",01/06/2016
809115921,Initation Crab Meat,"$9,357.54",14/08/2018
91603617,"Liners - Banana, Paper",$486.29,25/11/2018
6982032698,Chivas Regal - 12 Year Old,"$2,852.27",22/06/2017
3931948641,Appetizer - Escargot Puff,"$2,253.99",29/04/2017
8790316274,Veal - Eye Of Round,$807.35,08/04/2022
7052011905,Bagel - Everything Presliced,"$9,229.42",30/03/2019
7153257683,Allspice - Jamaican,"$7,730.07",29/08/2017
4392676617,Cassis,"$1,175.46",27/04/2022
8031096627,"Oil - Truffle, Black","$5,511.23",22/06/2019
3548884849,Wine - Gato Negro Cabernet,"$3,618.68",08/12/2019
6413402970,Kahlua,"$1,452.64",10/12/2019
589201107,"Soup - Canadian Pea, Dry Mix","$1,920.72",28/10/2020
8728726022,Scallops - Live In Shell,"$7,682.50",13/11/2021
926208799,"Star Anise, Whole","$7,505.92",05/02/2016
4307529650,Yoplait - Strawbrasp Peac,"$6,741.13",12/07/2017
3408538212,Wine - Fontanafredda Barolo,"$7,934.22",08/09/2019
2733482653,Cassis,"$6,498.63",25/02/2016
1668857685,Bagel - 12 Grain Preslice,$864.38,09/07/2017
6055482045,"Coke - Classic, 355 Ml","$6,915.24",28/07/2018
4844801708,Chips - Potato Jalapeno,"$7,748.80",04/04/2019
2999900635,Ham - Black Forest,"$4,300.47",14/05/2015
995921903,Chips - Miss Vickies,"$6,717.72",17/03/2022
8055847932,Nacho Chips,"$8,514.81",11/04/2015
1972028979,Coffee - Decaffeinato Coffee,$124.07,12/07/2022
6536341503,Beef - Prime Rib Aaa,"$5,813.74",09/02/2022
719465265,Cheese - Camembert,$162.03,27/11/2018
6706236691,Wine - Domaine Boyar Royal,"$2,612.68",14/10/2022
537916938,Muffin Hinge Container 6,"$1,533.43",04/02/2016
37626094,Artichoke - Fresh,"$5,144.83",06/05/2019
8060203002,"Vermacelli - Sprinkles, Assorted","$8,015.80",11/04/2021
441382207,Muffin Mix - Corn Harvest,"$2,444.03",09/11/2015
3720478157,Beef - Sushi Flat Iron Steak,"$9,329.55",07/03/2021
4319845722,Yoplait - Strawbrasp Peac,$718.91,29/05/2019
1085484025,"Cheese - Manchego, Spanish","$2,984.75",25/09/2019
1660962595,"Wine - White, Riesling, Henry Of","$5,379.54",01/11/2019
6900987605,Sea Bass - Fillets,"$3,430.33",24/07/2015
7104184570,Soupfoamcont12oz 112con,"$2,985.16",26/05/2018
4906357210,Soup - Chicken And Wild Rice,"$8,372.02",05/10/2022
127132171,Bag Stand,"$2,246.49",31/03/2015
7740133620,Nantucket Orange Juice,"$3,822.77",10/05/2022
1159088012,Flavouring Vanilla Artificial,"$3,005.31",23/11/2016
617449813,Cotton Wet Mop 16 Oz,"$3,872.86",11/04/2019
8418164263,Island Oasis - Banana Daiquiri,"$1,230.96",06/03/2015
7869151882,Beef Cheek Fresh,"$7,920.06",12/06/2021
2339471958,Cheese - Pont Couvert,"$6,505.08",24/01/2017
1627948112,Smirnoff Green Apple Twist,"$6,460.32",25/12/2021
4761880929,Apricots Fresh,"$6,205.45",23/06/2022
6379845763,Pike - Frozen Fillet,"$8,815.38",29/09/2020
4643079630,Cheese - Le Cheve Noir,"$7,860.01",20/02/2018
9085292174,Muffin Orange Individual,"$1,155.65",16/02/2015
1782806822,Milk 2% 500 Ml,"$2,924.04",10/02/2016
5988096883,Lemon Pepper,"$9,808.24",21/02/2018
7406192916,Beer - Steamwhistle,"$7,694.25",17/05/2015
7169281260,"Juice - Tomato, 48 Oz","$9,479.23",18/09/2018
8094133716,Container - Foam Dixie 12 Oz,"$2,859.49",15/12/2020
9147661143,"Pepper - Black, Crushed","$3,443.92",30/01/2021
6739517452,Ice Cream - Strawberry,"$9,464.29",10/12/2020
4461353885,Tea Peppermint,"$3,550.95",27/11/2022
9822103204,Strawberries - California,"$4,647.55",31/03/2018
9830624366,Butter - Unsalted,$413.76,22/04/2015
249659018,Vinegar - Cider,"$6,119.71",09/05/2017
3097509941,Muffin Carrot - Individual,"$6,522.02",01/10/2020
2752543816,Iced Tea Concentrate,"$8,722.35",12/06/2019
1992172714,Cheese - Mascarpone,"$6,616.21",20/10/2021
9425695318,Yogurt - French Vanilla,"$9,820.06",07/12/2018
3493531826,Nori Sea Weed,"$6,676.74",25/09/2022
2564851428,Pernod,"$3,296.75",15/04/2017
1640524371,Potatoes - Pei 10 Oz,$658.66,28/10/2017
8167244520,Easy Off Oven Cleaner,"$4,387.78",08/09/2016
7061644931,The Pop Shoppe - Black Cherry,"$4,769.57",10/10/2019
5795835013,Food Colouring - Red,"$2,693.44",05/05/2022
3642266886,Sardines,"$1,053.00",23/01/2019
1267790334,Bamboo Shoots - Sliced,"$7,582.50",07/07/2019
8810602218,Beer - Corona,"$8,168.31",03/01/2017
5174580341,Compound - Passion Fruit,"$3,625.41",10/11/2017
8950981076,Wine - Rosso Toscano Igt,"$7,054.11",22/11/2022
3728541370,"Bread - Multigrain, Loaf","$1,846.22",11/07/2020
1736874225,Yogurt - French Vanilla,"$9,831.61",07/06/2017
9533806184,Irish Cream - Baileys,"$9,532.20",09/12/2021
698486714,Corn - On The Cob,"$8,759.02",25/07/2022
8033214554,"Cheese - Manchego, Spanish",$602.20,10/10/2018
2998554318,"Appetizer - Spring Roll, Veg",$527.62,02/05/2020
241949114,Spaghetti Squash,"$8,124.39",29/04/2019
5861324174,Veal - Bones,"$2,727.15",09/04/2020
1637784791,Soup Campbells Split Pea And Ham,"$3,096.34",16/05/2017
8356624487,Coffee Cup 8oz 5338cd,"$2,001.10",27/01/2022
8389940582,Turkey - Oven Roast Breast,"$6,111.02",25/11/2020
5498696426,Nantuket Peach Orange,"$4,088.00",04/03/2021
5918544682,Cheese - Pied De Vents,"$1,887.67",26/11/2022
6727558914,Wasabi Powder,"$5,500.17",22/02/2022
7872791471,"Lamb - Shoulder, Boneless","$2,639.88",12/12/2018
9135174986,Skewers - Bamboo,"$3,517.87",07/11/2018
9298773641,"Lettuce - Romaine, Heart","$5,556.96",08/09/2019
2823736204,Oxtail - Cut,"$8,529.21",24/11/2017
3759809839,Table Cloth 91x91 Colour,"$5,501.24",22/06/2018
5174187755,Brandy - Bar,"$8,366.81",21/06/2019
4192164361,"Juice - Pineapple, 341 Ml","$4,184.49",25/11/2019
6078646303,Calvados - Boulard,"$1,949.54",19/10/2019
731405005,"Vermouth - White, Cinzano","$1,291.67",18/02/2016
8297199223,"Tabasco Sauce, 2 Oz","$2,276.73",07/11/2016
6140187109,Lotus Root,"$5,613.10",03/07/2015
8782611165,"Radish - Black, Winter, Organic","$7,217.17",12/12/2017
4904273168,Pastry - Cherry Danish - Mini,"$9,131.45",10/01/2021
9302923614,"Bar Mix - Pina Colada, 355 Ml","$1,263.00",22/02/2021
3816098630,Tarts Assorted,"$8,965.21",18/04/2020
4759992499,Sauce Tomato Pouch,"$2,100.29",25/02/2019
7198247083,Muffin Chocolate Individual Wrap,"$4,490.61",03/10/2019
5466907634,"Salmon - Atlantic, No Skin","$7,528.00",26/06/2016
4045816984,"Stock - Beef, Brown","$9,844.64",15/11/2016
2807544142,Truffle Shells - Semi - Sweet,"$4,404.26",20/01/2017
8501580589,Appetizer - Sausage Rolls,"$5,908.32",01/01/2016
491282028,Pickerel - Fillets,"$8,436.85",28/01/2020
8834341422,Bread - White Mini Epi,"$4,660.24",28/04/2019
8461595505,Ham - Virginia,"$4,216.41",02/04/2020
3688394399,Water - Spring 1.5lit,"$1,083.22",12/03/2020
503594040,Pastry - Raisin Muffin - Mini,"$4,358.31",01/04/2017
1963018478,"Pork - Sausage, Medium","$4,656.28",06/05/2022
9531747555,Pork Loin Bine - In Frenched,"$1,737.99",26/12/2016
4366959011,"Beef - Outside, Round","$2,793.59",01/11/2021
5484025419,"Doilies - 8, Paper","$7,735.12",29/10/2022
8044940456,Higashimaru Usukuchi Soy,"$9,186.55",15/02/2016
4004976316,Jicama,"$9,239.95",26/06/2020
9792962107,"Juice - Pineapple, 341 Ml","$8,900.73",22/05/2016
9863207187,Parsley - Fresh,"$4,206.02",21/06/2022
4865516441,Kiwi,"$9,044.06",20/03/2019
4153935883,Beef - Striploin Aa,"$5,626.57",09/03/2018
7113225306,Appetizer - Mango Chevre,"$3,620.95",29/09/2021
3608080279,"Pasta - Canelloni, Single Serve",$69.17,25/04/2015
195009010,"Soup - Knorr, Ministrone","$4,970.42",03/04/2020
4338646055,Wine - Fontanafredda Barolo,"$1,242.10",18/10/2022
7622665576,Chicken - Whole Fryers,"$2,647.53",13/12/2022
3618613776,Ice Cream Bar - Oreo Cone,"$9,851.47",15/01/2015
8724613398,"Wine - Magnotta, White","$2,222.45",17/09/2018
2772512029,Wine - Charddonnay Errazuriz,"$5,556.72",09/04/2017
1685907660,Cherries - Frozen,"$6,329.85",29/12/2020
8981264651,Lamb Shoulder Boneless Nz,"$7,615.64",30/09/2020
3166869832,"Veal - Round, Eye Of","$4,608.71",06/04/2019
4211948253,Oil - Shortening - All - Purpose,"$8,600.57",22/07/2020
4912376752,Red Currant Jelly,$812.43,26/10/2018
1227521227,Lemons,"$5,713.58",28/08/2020
8935363561,"Juice - Apple, 1.36l","$9,021.76",07/09/2017
1345409338,Wine - Chardonnay Mondavi,"$3,131.30",11/09/2020
2056115654,Pepper - Chilli Seeds Mild,"$5,636.92",03/04/2019
9752440525,Dill Weed - Fresh,"$2,711.27",07/02/2016
1012985741,"Chocolate - Semi Sweet, Calets","$2,948.49",18/12/2020
1732352682,Tea - Vanilla Chai,"$8,827.49",05/08/2018
9295847490,Alize Sunset,"$4,493.47",19/02/2022
2649678720,"Lentils - Red, Dry","$9,131.97",04/10/2016
979746744,Beans - Butter Lrg Lima,"$2,413.83",16/08/2021
7158640078,"Shrimp - Baby, Cold Water","$2,257.75",24/07/2021
47771836,Rappini - Andy Boy,"$3,868.23",15/08/2022
3170291769,Coffee Cup 16oz Foam,"$7,763.79",23/04/2020
5508238255,Foam Espresso Cup Plain White,"$2,912.19",12/04/2022
8653727191,"Water - Mineral, Carbonated","$4,982.06",06/07/2021
2394349972,Buttons,"$3,729.51",08/05/2018
8201137574,Apricots Fresh,"$7,416.62",04/04/2016
7379568531,Beef - Prime Rib Aaa,"$7,606.87",08/10/2022
1896255051,Pear - Packum,"$4,983.29",29/08/2019
9958957965,Pur Value,"$1,261.83",08/11/2016
1539406407,"Star Anise, Whole","$2,856.43",23/04/2022
5286579213,Port - 74 Brights,"$5,164.19",10/11/2016
7920598362,"Gin - Gilbeys London, Dry","$4,767.77",25/12/2019
952033712,Crackers - Graham,"$3,613.85",27/03/2020
2727611749,Longos - Greek Salad,"$9,628.48",19/11/2022
3909810713,"Nut - Chestnuts, Whole",$121.45,03/06/2018
1839369787,Squid - Breaded,"$3,389.53",18/07/2016
9076146292,Glove - Cutting,"$9,950.77",12/11/2021
9702431573,Cheese - Roquefort Pappillon,"$5,990.54",19/10/2016
4854900067,Cup - Paper 10oz 92959,$283.59,01/05/2019
834987880,Trueblue - Blueberry,"$2,882.07",23/10/2020
4275329619,Soup - French Can Pea,"$1,686.03",15/04/2017
1247825833,"Oil - Truffle, White","$6,261.51",07/04/2020
2371592323,Chicken - White Meat With Tender,"$5,859.64",31/08/2021
1079596631,Bread - Olive,"$4,615.82",05/08/2017
5811298889,Beans - Fava Fresh,"$1,376.16",28/07/2015
6423568421,Bowl 12 Oz - Showcase 92012,"$6,350.96",02/04/2016
3419800983,"Vodka - Lemon, Absolut","$9,848.98",07/12/2021
1409065480,"Shrimp - 16/20, Iqf, Shell On","$9,854.15",10/09/2016
1070769010,Longos - Burritos,"$3,798.07",08/08/2016
1016891210,Pickles - Gherkins,"$8,308.66",01/02/2021
2228087424,"Chilli Paste, Sambal Oelek","$4,772.06",11/12/2021
1751478599,Cheese - Goat With Herbs,"$4,748.90",24/12/2021
3479301029,Squeeze Bottle,"$1,220.79",05/09/2020
1301566349,Momiji Oroshi Chili Sauce,"$4,605.67",23/01/2020
1877787388,Chinese Foods - Pepper Beef,"$6,897.51",21/05/2016
2922815765,Arctic Char - Fillets,"$2,082.44",01/12/2022
9356259437,Chip - Potato Dill Pickle,"$9,829.78",09/10/2016
7982421466,Cheese - Pont Couvert,"$6,677.55",11/12/2018
9987112749,Cake - Bande Of Fruit,"$2,783.23",09/09/2017
2864100770,Stock - Fish,"$6,963.42",05/02/2022
2052787240,"Juice - Cranberry, 341 Ml","$9,158.61",02/12/2018
7101802125,Anisette - Mcguiness,"$9,843.73",19/03/2021
5011981908,Apricots Fresh,"$3,018.54",21/04/2018
9584714376,Sauce Bbq Smokey,"$8,387.98",11/03/2020
7817965242,Arctic Char - Fillets,"$1,252.04",26/04/2018
5671636329,Mangoes,"$3,379.10",13/12/2020
1819304108,Puff Pastry - Sheets,$370.96,07/11/2022
4016217997,Wine - Ice Wine,"$5,200.07",19/07/2017
1545732353,Bread - French Baquette,"$7,009.40",03/01/2018
9821626645,Onions - Red Pearl,$649.64,28/01/2020
1058501666,Lamb - Shanks,"$8,392.02",13/08/2018
183048768,Veal - Ground,"$8,596.65",20/03/2021
5864296031,"Sugar - Brown, Individual",$156.59,26/11/2017
9724046257,Wine - Pinot Grigio Collavini,"$5,711.77",23/04/2015
5491517305,Appetizer - Assorted Box,"$4,515.41",21/01/2015
6215592889,"Trout - Rainbow, Frozen","$8,088.22",14/09/2018
7416748232,"Sauce - White, Mix",$879.21,12/08/2020
8785631345,Cake Slab,"$9,119.50",17/04/2022
7908963676,"Tart Shells - Savory, 3",$37.96,21/04/2018
9134446818,Cheese - Roquefort Pappillon,"$9,275.23",10/07/2015
9829463052,Pepper - Sorrano,"$5,888.21",29/09/2022
294942807,Towel - Roll White,"$7,571.40",02/03/2016
4894791722,Paper - Brown Paper Mini Cups,"$2,565.67",29/10/2015
678870721,Cheese - St. Andre,"$8,663.50",22/06/2020
5084657272,Beef - Sushi Flat Iron Steak,$397.00,24/01/2021
3089426668,Cheese - Victor Et Berthold,"$3,779.05",13/12/2016
1204440794,Chocolate Bar - Oh Henry,$826.76,16/08/2016
239810007,Strawberries,"$8,913.92",21/04/2015
1306745284,Beer - Upper Canada Lager,"$3,078.72",29/06/2021
2855471249,Wine - Lou Black Shiraz,"$2,049.72",10/05/2018
5609429544,Pastry - Trippleberry Muffin - Mini,"$8,911.61",16/08/2018
9701282809,Pastry - Banana Muffin - Mini,"$9,488.77",23/10/2017
5288796467,Beef - Kobe Striploin,"$4,507.95",23/09/2020
23414405,Bag Clear 10 Lb,"$7,228.58",14/05/2015
8949347512,Pork - European Side Bacon,"$5,363.90",05/08/2019
6942925934,"Turkey - Breast, Bone - In","$9,149.66",17/05/2021
8558642524,Yogurt - French Vanilla,"$6,607.21",28/06/2015
822108615,"Olives - Green, Pitted","$6,044.57",30/04/2022
595332617,Lamb - Rack,"$4,810.63",24/05/2022
8064934222,"Bread - Roll, Whole Wheat","$1,480.49",19/03/2018
3449584502,Chicken - Whole,"$1,689.90",04/10/2017
2202923020,"Seedlings - Buckwheat, Organic",$628.33,13/07/2019
8060332856,Loquat,"$3,282.44",08/08/2021
4034613947,Long Island Ice Tea,"$5,213.70",23/01/2018
4048676989,"Tabasco Sauce, 2 Oz","$2,116.79",18/02/2021
1175885703,Flax Seed,"$3,912.67",05/04/2015
8659364805,Grenadillo,"$4,198.98",22/12/2019
9575626451,Mayonnaise,"$5,504.57",22/10/2016
5069283286,Salmon Atl.whole 8 - 10 Lb,"$3,461.72",19/02/2022
951166174,Cilantro / Coriander - Fresh,"$6,747.72",24/05/2019
2653659743,Soup - Campbells Mushroom,"$2,262.79",29/05/2015
6018222655,Chicken - White Meat With Tender,"$5,459.95",29/05/2016
6579986387,Sword Pick Asst,"$8,384.47",16/05/2016
8614613210,Food Colouring - Blue,"$8,868.06",06/03/2019
5247013166,Burger Veggie,"$5,775.90",26/08/2016
5251063261,Wine - Vouvray Cuvee Domaine,"$8,924.67",14/06/2017
8273288056,Trueblue - Blueberry Cranberry,"$8,902.77",22/03/2019
3436623792,Appetizer - Escargot Puff,"$4,907.26",15/03/2017
1814165088,Lobster - Cooked,"$4,338.38",02/05/2015
6046188865,Ice Cream - Life Savers,"$9,618.71",18/06/2018
5982942227,Bread - 10 Grain Parisian,"$9,980.63",08/10/2017
179594699,Thyme - Dried,"$3,744.08",21/04/2018
7266777909,"Lemonade - Black Cherry, 591 Ml","$5,927.98",20/06/2019
2260266460,Wine - Domaine Boyar Royal,"$6,620.01",09/04/2020
1359510184,Chicken Giblets,"$5,267.43",29/03/2018
8329090116,Flower - Dish Garden,"$6,566.83",01/11/2019
6657643039,Godiva White Chocolate,"$3,306.45",13/08/2018
586022163,Mushroom - Crimini,"$5,736.38",13/10/2022
7327761187,Persimmons,"$5,477.31",28/12/2016
452308097,Veal - Eye Of Round,"$2,874.37",11/01/2020
4966859395,Sugar - Icing,"$4,102.20",09/11/2019
3193855340,Muffin - Mix - Strawberry Rhubarb,"$6,364.96",10/05/2021
2094489019,"Turnip - White, Organic","$7,861.95",14/04/2017
1817809636,"Bread - Rolls, Rye",$132.53,16/08/2016
6873853070,Fenngreek Seed,"$7,653.91",16/11/2021
8914202178,Soup - Base Broth Chix,$575.77,17/04/2016
4931398006,Gatorade - Lemon Lime,$815.73,11/05/2020
5661713495,Carroway Seed,"$5,283.36",08/12/2018
5382701040,Tomatoes - Orange,"$6,284.61",09/12/2016
9202544697,"Appetizer - Spring Roll, Veg","$4,523.25",04/08/2022
1872318622,Beef Dry Aged Tenderloin Aaa,$702.58,18/07/2022
5676550732,Dried Cherries,"$1,988.16",24/10/2021
239214234,"Liners - Banana, Paper","$6,478.18",04/02/2020
2918483915,Sobe - Tropical Energy,"$1,515.85",08/05/2021
1374098639,Pork - Smoked Kassler,"$2,496.16",07/05/2020
8603820627,Chocolate - Unsweetened,"$1,359.36",29/07/2015
3892570027,Cheese - Goat With Herbs,"$2,382.29",12/01/2016
7741643215,Steel Wool,"$6,443.16",28/01/2022
776883453,"Lamb - Whole Head Off,nz","$2,095.11",07/07/2020
8000938340,"Wine - Red, Black Opal Shiraz","$8,639.50",25/09/2021
4851447272,"Yogurt - Raspberry, 175 Gr","$4,333.91",19/03/2022
1791978517,Crab Brie In Phyllo,"$3,255.11",30/04/2015
7224863610,Chicken - Livers,$751.85,25/04/2017
7475643204,Wine - Jafflin Bourgongone,"$3,184.53",08/12/2019
2079504061,Cocoa Powder - Dutched,"$5,813.98",06/12/2020
8247051761,Bacardi Limon,"$1,764.59",14/09/2022
1929606591,Tequila Rose Cream Liquor,"$3,136.50",18/01/2019
3969962927,Trueblue - Blueberry,"$4,381.31",22/11/2018
5166646126,Duck - Breast,"$3,227.56",29/10/2016
2635704627,Wine - White Cab Sauv.on,"$5,563.21",19/08/2017
2484461224,Lemon Balm - Fresh,"$2,066.15",22/07/2022
4320758188,Pie Shell - 5,"$7,235.35",27/12/2019
6722999297,"Chocolate - Pistoles, Lactee, Milk",$211.63,16/07/2020
7365095520,Coffee Swiss Choc Almond,"$7,366.69",17/10/2015
9767554491,Hinge W Undercut,"$2,017.78",08/01/2020
8038275039,Nantuket Peach Orange,"$6,835.94",26/11/2016
9123996463,Beef - Top Sirloin,"$9,945.05",06/01/2020
8286250966,Bread - Hamburger Buns,"$3,217.78",07/09/2017
6745068540,Soup - Chicken And Wild Rice,"$9,548.22",06/06/2020
1811021387,Fond - Chocolate,"$3,728.83",24/07/2016
3269607946,Basil - Fresh,"$5,891.30",17/04/2019
5304516834,"Wine - Cahors Ac 2000, Clos","$8,938.96",29/12/2018
6412086528,Beer - Creemore,$99.33,06/02/2020
805752153,"Basil - Dry, Rubbed",$206.52,03/08/2022
340329793,Mcgillicuddy Vanilla Schnap,"$5,597.42",10/09/2015
7976142933,"Soup - Clam Chowder, Dry Mix",$444.91,01/05/2020
3793569268,Clams - Bay,"$9,909.52",21/11/2020
6027811781,Bag Stand,"$1,643.48",05/08/2015
9416438383,Duck - Legs,"$7,552.88",08/06/2020
8289857780,Loquat,$589.21,01/02/2016
5512770349,"Pepper - Chipotle, Canned","$4,843.47",16/04/2020
4480763309,Aromat Spice / Seasoning,"$9,222.87",28/02/2018
4116757357,Mudslide,"$2,110.37",14/12/2020
1373346264,Wine - German Riesling,"$4,342.50",15/02/2017
6024844956,Soup Bowl Clear 8oz92008,"$7,241.76",16/09/2016
2744347612,"Mushroom - Chantrelle, Fresh","$9,794.18",18/12/2020
4034572825,Appetizer - Mango Chevre,"$7,167.39",02/11/2018
5345434867,"Tortillas - Flour, 10","$3,928.75",01/01/2021
9237960387,Kellogs All Bran Bars,"$4,186.75",03/05/2019
3015637339,Hipnotiq Liquor,"$5,630.53",20/10/2016
9235529050,Wine - George Duboeuf Rose,"$6,748.56",24/09/2015
3501608381,Pails With Lids,"$3,397.35",27/07/2020
7355750054,"Beans - Black Bean, Preserved",$363.96,28/01/2020
5751754581,Walkers Special Old Whiskey,"$5,894.32",17/10/2019
1548986976,Syrup - Monin - Passion Fruit,"$5,320.21",16/08/2019
693459867,Pepsi - 600ml,"$9,759.82",11/01/2021
5208633140,Glaze - Clear,"$4,393.33",16/02/2022
8239894763,Uniform Linen Charge,"$5,975.77",26/09/2016
2047968550,Beans - Fava Fresh,"$1,846.66",27/11/2018
5207158031,"Fish - Soup Base, Bouillon","$5,185.82",05/07/2018
6029941992,"Lamb - Leg, Bone In","$6,016.76",22/04/2020
7853029829,Wine - Chateau Aqueria Tavel,$876.65,04/06/2018
9321993614,Sherbet - Raspberry,$372.19,01/06/2019
8132082737,Flour - Whole Wheat,"$7,902.04",15/03/2020
3272145087,Puree - Mocha,"$1,243.49",13/10/2016
8200022412,"Veal - Tenderloin, Untrimmed","$7,480.59",23/02/2018
4489450036,Beef - Ground Medium,"$4,663.23",08/10/2019
875661904,Bread - Raisin Walnut Oval,"$1,679.80",15/07/2021
769018300,"Mushroom - Chanterelle, Dry","$1,268.42",11/01/2018
7089978702,Pastry - Choclate Baked,"$5,071.13",11/10/2019
5310387692,Bread - 10 Grain Parisian,"$8,286.70",07/11/2016
77728661,Coffee Cup 16oz Foam,"$4,170.32",26/07/2017
1672676088,Chutney Sauce,"$3,753.47",30/10/2018
6960957818,Bread - English Muffin,"$5,266.16",04/12/2019
1380035368,Bouq All Italian - Primerba,"$4,731.58",26/12/2020
9755848231,Sauce - Soy Low Sodium - 3.87l,"$2,656.48",02/04/2022
6419712815,Capon - Whole,"$4,982.45",04/06/2018
3538332576,Salmon Steak - Cohoe 8 Oz,$743.08,06/10/2021
972339132,Fish - Bones,"$7,013.82",20/12/2015
3553624213,"Pepper - Julienne, Frozen","$6,939.98",07/08/2020
5508960546,Island Oasis - Cappucino Mix,"$3,455.30",09/01/2021
1868080943,Laundry - Bag Cloth,"$1,968.30",10/02/2016
5654589504,Energy Drink,"$4,257.61",25/04/2016
157021122,"Veal - Brisket, Provimi,bnls","$8,816.44",19/05/2015
2914635907,Flower - Commercial Spider,"$4,898.00",11/12/2015
9534945382,Apricots - Halves,"$1,761.63",29/10/2017
238928918,Ginger - Pickled,"$5,618.84",01/11/2018
2953277595,Pepper Squash,$945.68,18/04/2021
4303523291,Gelatine Leaves - Bulk,"$4,576.94",28/04/2018
7319534363,"Tomatoes - Vine Ripe, Red","$1,260.59",13/03/2018
960256288,Chocolate - Compound Coating,"$6,159.20",28/02/2021
7371051211,Cheese Cloth No 60,"$5,590.72",30/11/2018
5922787802,Pepper - Chili Powder,"$2,055.98",21/08/2021
7340893253,"Soup - Knorr, Veg / Beef","$5,751.39",31/10/2020
9726829380,French Pastry - Mini Chocolate,"$6,675.93",29/03/2017
4663200680,Bread Base - Gold Formel,"$7,789.65",17/05/2016
3508855317,Duck - Legs,"$1,514.68",31/03/2020
9612809011,Sour Puss Sour Apple,"$5,621.65",18/12/2019
8947573736,"Pasta - Canelloni, Single Serve","$8,606.94",23/02/2015
3713157928,Aspic - Clear,"$1,073.95",18/09/2018
1357792557,"Bread - Sticks, Thin, Plain","$1,101.50",02/04/2020
7147326121,Foam Dinner Plate,"$8,486.05",15/11/2015
6494522602,Trueblue - Blueberry Cranberry,"$5,425.36",07/08/2021
7911418381,Radish,"$1,675.29",09/03/2018
710917422,Silicone Parch. 16.3x24.3,"$6,597.86",20/10/2017
5960257998,Huck White Towels,"$1,672.25",15/03/2020
2029965251,Radish - Pickled,"$3,245.02",08/06/2019
1374473863,Paper - Brown Paper Mini Cups,"$7,283.49",06/01/2022
5407933373,Wine - Fat Bastard Merlot,"$4,004.43",12/11/2022
1416442006,Cookies Oatmeal Raisin,"$6,370.32",24/04/2016
2825943827,Bread - Frozen Basket Variety,"$3,408.37",10/02/2016
9086200397,Tea - Herbal Orange Spice,"$8,530.60",05/10/2019
1715505212,Lamb - Loin Chops,"$4,359.11",17/04/2018
8733001456,"Yogurt - Strawberry, 175 Gr","$5,685.65",18/03/2016
7362497075,"Water - Mineral, Natural","$1,360.68",06/06/2019
7135232968,Muffin Mix - Oatmeal,"$9,452.13",26/09/2019
8458103524,Black Currants,$845.67,20/10/2020
1155470982,Squid - U - 10 Thailand,$839.97,05/02/2017
2645527272,"Veal - Brisket, Provimi, Bone - In","$6,129.76",05/01/2022
6092060566,"Cheese - Manchego, Spanish","$6,487.51",28/11/2018
6809903216,Icecream - Dstk Strw Chseck,"$1,200.86",06/03/2020
651544645,Salt - Celery,"$4,490.06",29/06/2015
5076006438,Pan Grease,"$6,652.52",02/05/2021
9891970256,Plaintain,"$1,049.69",04/02/2018
744400368,"Sauce - Black Current, Dry Mix","$5,442.73",10/07/2015
912574437,Mustard Prepared,"$1,662.80",27/04/2017
2360934546,Beef Ground Medium,"$5,273.13",13/02/2017
2760334775,"Artichokes - Knobless, White","$4,995.04",18/11/2021
8911323225,Wine - Alsace Gewurztraminer,$468.40,02/04/2017
278909159,Currants,"$2,052.71",22/07/2022
3168061735,Fennel,"$6,482.88",30/01/2022
664276555,Pasta - Agnolotti - Butternut,"$3,094.36",08/12/2018
9914757677,Orange - Blood,$374.35,29/04/2019
443512256,Cranberries - Frozen,"$1,346.12",04/01/2016
590436600,Pate - Liver,"$4,282.64",30/09/2017
763636800,"Seedlings - Buckwheat, Organic","$8,025.06",06/12/2017
8124111529,Lettuce - Radicchio,$719.06,28/06/2022
4439752853,Pear - Asian,"$8,587.15",10/03/2021
7010450595,Dragon Fruit,"$7,105.42",26/12/2017
9558140198,"Liqueur Banana, Ramazzotti","$4,674.22",17/03/2022
914661744,Venison - Liver,"$7,136.66",21/12/2022
8642050691,Venison - Racks Frenched,"$2,416.19",22/12/2020
6072867715,Beef - Top Butt Aaa,"$5,892.70",08/12/2020
9596602624,"Veal - Round, Eye Of",$9.03,22/09/2019
5738281276,Bag Stand,"$9,429.23",14/06/2020
1142043894,Eggs - Extra Large,"$4,527.92",02/12/2019
2582221090,Instant Coffee,"$1,232.68",05/08/2019
5681350894,Mousse - Mango,"$2,289.08",10/02/2022
1818081083,Soup - Campbells Beef Stew,"$9,756.65",24/03/2022
6507200174,Remy Red,"$3,237.75",15/07/2015
7152929459,"Jam - Strawberry, 20 Ml Jar","$4,548.49",02/07/2022
2017692611,Pail For Lid 1537,"$1,847.34",30/12/2016
387074899,Turnip - Mini,"$9,254.55",26/09/2018
6266171228,Wine - Rosso Del Veronese Igt,$852.80,30/10/2020
5367197434,Pastry - Raisin Muffin - Mini,"$6,327.91",03/06/2022
5716767761,Cleaner - Comet,"$9,808.78",22/05/2018
6788024219,Grapefruit - Pink,"$8,592.29",03/01/2021
4976472817,Wine - Vidal Icewine Magnotta,"$5,787.52",26/07/2021
1688929398,Sugar - Fine,"$5,261.67",23/08/2016
108298027,Pate - Cognac,"$9,031.62",02/07/2019
4281885668,Juice - Lagoon Mango,"$7,584.52",12/09/2018
1008353574,Beef - Short Ribs,"$9,227.74",29/10/2016
7378438022,Pumpkin,"$3,170.91",21/12/2021
1232376310,Dried Cranberries,"$4,812.96",09/08/2022
5046295350,Cookies Oatmeal Raisin,"$7,679.34",18/09/2016
1453920706,Baking Soda,$935.21,24/11/2017
6681231012,Bols Melon Liqueur,$673.09,15/10/2016
4107047326,"Beef - Rouladin, Sliced","$6,168.91",03/11/2022
9710619624,Wine - Casillero Deldiablo,"$1,845.15",24/03/2016
5838749539,Cream - 35%,"$4,554.56",15/03/2021
5271345750,Flower - Commercial Bronze,"$2,891.00",19/05/2022
623850303,Wine - Lou Black Shiraz,$964.11,15/08/2019
6198509672,Soup - Campbells Asian Noodle,"$8,029.74",14/11/2018
9143620337,Cheese - Augre Des Champs,"$6,009.80",05/05/2020
1300965541,Quinoa,"$9,133.77",05/09/2016
4531448774,Devonshire Cream,"$6,748.18",15/06/2020
7949383534,Soup - Campbells Beef Stew,"$3,346.32",30/05/2022
5843642178,"Mushroom - Shitake, Dry","$6,683.34",02/07/2018
6440403028,"Shrimp, Dried, Small / Lb","$2,202.16",22/07/2019
1664726586,Hand Towel,"$2,394.82",29/10/2019
6078753541,Oven Mitt - 13 Inch,"$2,881.87",10/06/2021
2818245672,"Mushroom - Oyster, Fresh","$2,069.38",11/04/2020
186080174,Sugar - Cubes,"$7,305.80",12/06/2015
5797852217,Wine - Taylors Reserve,"$7,200.07",18/05/2018
5469852059,Mangostein,"$8,506.31",26/04/2018
2052402365,Alize Red Passion,$497.97,21/10/2016
9126536951,Table Cloth 54x54 Colour,"$1,492.19",19/12/2021
8298598318,Anchovy Paste - 56 G Tube,"$3,426.09",26/09/2017
4600549457,Everfresh Products,"$1,765.48",29/10/2015
4078286186,Nescafe - Frothy French Vanilla,"$6,261.49",09/03/2021
632718765,Appetizer - Crab And Brie,"$1,646.32",05/02/2015
37142461,"Shrimp - 16 - 20 Cooked, Peeled","$5,130.35",09/12/2015
5228890068,Pork - Backs - Boneless,"$3,066.64",12/10/2018
8061073773,Vol Au Vents,"$6,027.76",09/04/2020
6768213636,Higashimaru Usukuchi Soy,"$8,150.15",18/07/2016
9008530740,Pepper - Chili Powder,"$1,036.65",22/05/2016
