codigoPr,nombre,estado,telefono
0599632569,"Water - Spring Water, 355 Ml",Texas,713-753-3877
9747387379,Wine - Jafflin Bourgongone,Virginia,804-776-3450
4973276510,Milk - Chocolate 250 Ml,Illinois,217-296-2238
5908375292,Thyme - Dried,Texas,512-224-5816
4657971271,Skirt - 24 Foot,Ohio,513-376-6619
5293582844,Veal - Leg,Vermont,802-495-2062
8457799592,Vinegar - Sherry,New York,516-506-4388
9254261424,Bread - 10 Grain,Oklahoma,405-605-2820
3991204444,Pork - Sausage Casing,California,213-202-5918
2026440794,Oneshot Automatic Soap System,New Jersey,862-629-5363
4984639997,Cumin - Ground,Mississippi,228-933-0848
1314078372,"Chilli Paste, Ginger Garlic",South Carolina,843-167-6659
1531305318,Bread - Raisin Walnut Pull,Florida,786-749-6439
8001456439,Tahini Paste,District of Columbia,202-326-8918
8697902525,Chocolate Bar - Reese Pieces,Texas,281-973-2305
9586629651,Star Fruit,Texas,281-802-1766
8592511445,Barley - Pearl,New Hampshire,603-891-2229
0514831979,"Stock - Chicken, White",Iowa,712-705-7553
8372061033,Blouse / Shirt / Sweater,Florida,305-880-0986
2520076062,Dr. Pepper - 355ml,Missouri,816-852-1561
2305939442,Lychee,Oklahoma,918-255-9511
8095164135,Pear - Packum,Alabama,251-676-1490
5305319617,Bread - Frozen Basket Variety,California,909-255-2892
9862440597,Sprouts Dikon,Illinois,312-117-5718
5413925263,Chick Peas - Dried,Minnesota,507-810-9363
8983009160,French Kiss Vanilla,Indiana,765-303-0605
0732566924,Turnip - Wax,Arizona,480-723-3361
8380798805,Snails - Large Canned,California,213-895-1290
3585982646,Cheese - Gorgonzola,Pennsylvania,215-891-2554
7009264090,Cake - Lemon Chiffon,Texas,713-716-2006
0867563346,Table Cloth 62x114 Colour,Maryland,240-509-4450
5480987542,"Mop Head - Cotton, 24 Oz",Nevada,702-491-1394
2050888694,Kolrabi,Texas,361-464-5857
5107292283,Rappini - Andy Boy,Texas,915-528-4120
9874148721,Figs,Georgia,770-127-1469
7610020001,Muffin Mix - Blueberry,New Jersey,908-489-0676
7717138093,Shrimp - Tiger 21/25,Pennsylvania,215-550-0125
5200050847,"Shrimp - 16/20, Iqf, Shell On",Alaska,907-676-2506
7233130280,Mushroom - Porcini Frozen,North Carolina,704-315-0015
1308560583,Wasabi Paste,California,805-533-1963
0919140939,Container Clear 8 Oz,California,949-718-6465
7448325140,Plasticforkblack,Colorado,303-987-5716
3918114007,Tuna - Yellowfin,Nevada,775-815-0480
0588050504,Coffee Beans - Chocolate,Indiana,812-769-3889
5170291035,Bagel - Everything,Michigan,269-665-2134
5921365874,Nut - Pumpkin Seeds,Wisconsin,414-444-6769
1240809816,Nantucket - 518ml,Pennsylvania,610-847-8682
3382053802,Cookies - Amaretto,Arizona,602-207-2594
8023927787,"Wine - Red, Antinori Santa",Ohio,419-483-0329
8232715960,Mayonnaise - Individual Pkg,California,213-644-7193
2453687921,Cheese - Cambozola,Washington,425-697-1054
7329168866,Sour Puss - Tangerine,Illinois,815-101-5178
7365001615,Flour - Teff,Illinois,773-219-2025
7524322496,"Fish - Soup Base, Bouillon",Tennessee,731-750-6690
0580279413,Bread - Corn Muffaleta Onion,Hawaii,808-708-9813
7762880887,Corn - On The Cob,Florida,954-646-5474
0170722600,Ginger - Ground,Florida,305-538-2417
0839037562,Bread Base - Goodhearth,Oregon,503-622-5424
2707118559,Peas Snow,Iowa,515-913-5906
3511692415,"Pork - Back, Short Cut, Boneless",Texas,214-694-9869
6730608927,Latex Rubber Gloves Size 9,Missouri,314-908-0261
4130163523,Chick Peas - Canned,Texas,512-705-3253
2345393556,"Tortillas - Flour, 12",Nevada,775-500-5942
8091554079,"Quail - Whole, Boneless",Minnesota,763-937-5024
6502750680,Sauce - Ranch Dressing,North Carolina,704-514-7655
8254614946,Caviar - Salmon,District of Columbia,202-996-2989
2894106297,Bread - Ciabatta Buns,North Carolina,336-728-9192
8407722774,Bread - Italian Sesame Poly,District of Columbia,202-194-5033
3403636275,Pork - Side Ribs,Georgia,678-412-6958
6815730190,Pears - Anjou,Texas,915-294-1770
2272709931,Table Cloth 54x72 White,Montana,406-974-9066
5452043608,Lobster - Canned Premium,Illinois,312-785-0904
9868241030,Gloves - Goldtouch Disposable,Illinois,309-411-3156
7748435871,"Bread - Roll, Soft White Round",Texas,915-947-0246
4616437866,Chicken - Whole,Illinois,217-344-7936
4298691675,Pepper Squash,Mississippi,601-844-9166
5864177148,Ham - Virginia,Texas,432-241-8334
9927623755,Beer - Camerons Auburn,North Carolina,336-133-0955
6810211128,Rye Special Old,Iowa,515-638-9299
0621894834,Chinese Foods - Cantonese,California,707-642-9182
6768012517,Appetizer - Sausage Rolls,Georgia,706-965-6237
2900992389,Mushroom Morel Fresh,California,510-231-7365
6310575414,Cheese - Le Cru Du Clocher,Colorado,303-804-0307
6063577343,Wine - Lamancha Do Crianza,New York,212-758-9098
8153882058,Water - Evian 355 Ml,Washington,206-470-4549
8368633893,"Pepper - Green, Chili",Colorado,970-308-3275
1256952966,Wine - Pinot Noir Stoneleigh,South Carolina,843-923-0987
7024514485,Bananas,Texas,682-815-7754
1073770591,Cup - 4oz Translucent,Florida,727-486-5463
8293855266,Sloe Gin - Mcguinness,Louisiana,337-794-7000
0585393869,Nantucket - 518ml,District of Columbia,202-475-6497
0060068426,"Asparagus - White, Fresh",Utah,801-976-6050
2881175791,Beef - Bresaola,Connecticut,203-914-4936
7333826368,Tomatoes - Hot House,Tennessee,901-249-4516
0999155431,Sea Bass - Whole,Texas,214-531-1288
8947250325,Appetizer - Veg Assortment,Maryland,301-245-4052
1530826535,Tart - Butter Plain Squares,New Jersey,862-147-6518
2283047951,Bread - Granary Small Pull,Michigan,989-596-8472
2973496993,"Veal - Round, Eye Of",Tennessee,901-792-9965
4682810502,Extract - Rum,Virginia,804-653-0642
6514033229,Beans - Wax,Virginia,703-340-2359
9485484844,Wine - Baron De Rothschild,Arizona,520-651-4464
3287475398,Icecream - Dstk Strw Chseck,District of Columbia,202-550-7928
8681753258,Versatainer Nc - 888,Oklahoma,405-336-8992
6030473948,"Tomatoes - Vine Ripe, Yellow",Illinois,847-186-2615
7540977396,Broom - Angled,California,916-309-8242
2321027428,Beef - Sushi Flat Iron Steak,Texas,361-211-4832
3724466730,Island Oasis - Sweet And Sour Mix,Florida,941-535-2844
5655971933,Sandwich Wrap,Minnesota,612-803-3502
0882107178,Ocean Spray - Ruby Red,Virginia,804-578-5818
4617867015,Fenngreek Seed,New York,212-686-6249
3673778102,Kohlrabi,Michigan,616-433-5379
9786559657,"Soup - Knorr, French Onion",Texas,915-802-3544
4614997090,Sugar Thermometer,Oklahoma,405-259-6694
3967637549,Cocoa Powder - Dutched,South Carolina,803-301-5837
5708163836,"Quail - Whole, Boneless",California,818-795-4136
9587808258,Wine - Vouvray Cuvee Domaine,Tennessee,901-280-8134
0770886744,Okra,Virginia,757-199-0713
5759018205,Coffee - Almond Amaretto,Georgia,404-558-8731
5237399819,"Crush - Grape, 355 Ml",California,916-724-2027
3199333745,Water - Perrier,Texas,713-391-5578
7610429147,Tea - Jasmin Green,Texas,361-521-0675
9444291375,Water - Spring 1.5lit,Missouri,816-985-5760
3038555207,Chocolate - Milk,California,415-630-6553
1797304003,Sprouts - Peppercress,Georgia,404-923-4407
3927191469,Wine - Fume Blanc Fetzer,Pennsylvania,215-146-2456
1084711044,Bar Bran Honey Nut,Virginia,757-483-0924
7930785300,Pastry - Apple Large,Florida,954-206-4208
2462968296,"Juice - Orange, 341 Ml",Illinois,309-451-7622
4531782275,Island Oasis - Raspberry,Virginia,571-794-5001
0183264193,Appetizer - Chicken Satay,District of Columbia,202-881-7935
8840506179,Wine - Toasted Head,Texas,214-935-7221
0054734002,Danishes - Mini Cheese,Arizona,480-952-9502
5334901582,Wine - Ej Gallo Sierra Valley,Missouri,314-757-9005
9860986916,Flavouring Vanilla Artificial,Georgia,404-426-8643
2338043006,Wood Chips - Regular,Maryland,410-512-7285
0708323537,Butter Balls Salted,Florida,305-554-6461
1027317022,Beer - Blue,Connecticut,203-965-9244
5445891739,Appetiser - Bought,California,951-696-7815
8188843601,Sterno - Chafing Dish Fuel,Ohio,513-996-9216
4193762440,Anchovy In Oil,Pennsylvania,215-461-1377
0138843333,Pasta - Ravioli,Utah,801-610-9945
4490227108,Bread Cranberry Foccacia,Indiana,574-122-9509
1428212426,Oil - Grapeseed Oil,California,805-215-9836
7094123523,Pepper - Red Thai,Nevada,702-633-1121
8658606503,Jolt Cola - Electric Blue,Texas,915-991-9722
1182666809,Icecream - Dstk Cml And Fdg,California,909-625-5935
4490320906,Bread - Focaccia Quarter,Georgia,404-761-4199
7721141141,Snapple Raspberry Tea,District of Columbia,202-599-7748
2041879874,Coffee Beans - Chocolate,Kansas,785-637-3124
3119725676,Beer - Rickards Red,Idaho,208-876-6295
6049134464,Lettuce - Romaine,Louisiana,504-552-1067
1948361140,Ecolab - Balanced Fusion,Texas,409-453-9649
4356875362,Chocolate Bar - Reese Pieces,New York,718-227-9544
7901872241,Compound - Passion Fruit,California,510-396-2205
0014729385,Sorrel - Fresh,Florida,941-875-7389
1577429400,Lotus Root,North Carolina,910-333-6586
5890499130,Lidsoupcont Rp12dn,California,209-414-1790
8441916020,"Shrimp - Baby, Cold Water",California,916-817-4362
9980423978,"Cheese - Cheddar, Medium",Virginia,202-645-5001
2445098610,"Cake Circle, Foil, Scallop",Nebraska,402-791-9413
2825777218,"Bread - Bagels, Plain",Georgia,404-327-0469
3853729231,Flavouring Vanilla Artificial,Washington,206-814-2186
3984200064,Extract - Rum,District of Columbia,202-346-2425
5698600406,Tomatoes - Hot House,Texas,281-375-5710
6166218591,Coconut - Whole,Oklahoma,405-573-9947
2745516515,Pickle - Dill,Florida,941-262-4244
3648184482,Sea Bass - Whole,Oregon,971-741-0554
2715119550,"Tomatoes - Plum, Canned",Missouri,816-356-7826
3941475029,Truffle Cups Green,California,626-702-4081
7977469146,Wine - Gewurztraminer Pierre,California,858-385-1827
2172270172,"Soup - Beef, Base Mix",Illinois,217-278-0024
9486730695,Bread - Italian Corn Meal Poly,California,323-993-4991
2545840130,"Tea - Darjeeling, Azzura",Illinois,815-330-7353
8404861323,Cookies - Englishbay Wht,Colorado,303-170-6679
4516059274,Sprouts - Corn,Wisconsin,414-144-5218
7728958917,Tea - Honey Green Tea,New Jersey,862-244-0882
6246579884,Fireball Whisky,Pennsylvania,215-621-6270
8131938891,Flour - Semolina,Virginia,757-573-3253
1720103585,Cheese - Cottage Cheese,Colorado,720-845-6770
2746836378,Garam Marsala,Illinois,217-476-0008
3140007868,Wine - Piper Heidsieck Brut,Illinois,217-921-1479
1076930514,Puree - Pear,Colorado,720-811-2738
2253513067,Coffee - Egg Nog Capuccino,Pennsylvania,412-863-3925
0210993987,Pie Filling - Apple,Delaware,302-645-2458
0518911985,Squid - Breaded,New York,917-719-8077
1594980497,Sherry - Dry,California,650-974-9208
6723810082,"Pork - Ham, Virginia",Alabama,251-115-3302
4931229581,Squid - Tubes / Tenticles 10/20,Colorado,970-663-1957
4985404101,Liners - Baking Cups,Texas,915-200-7891
5890196685,"Capon - Breast, Wing On",California,323-833-5615
8585889853,"Cheese - Woolwich Goat, Log",Nebraska,402-753-2847
0822981017,Wine - Semi Dry Riesling Vineland,Arkansas,501-639-6472
6587266428,"Napkin - Cocktail,beige 2 - Ply",California,209-419-6404
6787810490,Lettuce - Lolla Rosa,Georgia,770-976-7856
0522362451,Energy Drink Bawls,Florida,239-129-7572
6976938036,Wine - Rhine Riesling Wolf Blass,New York,315-739-2685
2310586560,Mountain Dew,Alabama,205-224-8568
8991786197,Syrup - Monin - Passion Fruit,Georgia,678-408-7320
1957837624,Beans - Fine,Texas,806-563-0913
6472801169,"Capon - Breast, Double, Wing On",Missouri,314-340-8533
3066213781,Apple - Royal Gala,Montana,406-807-1403
9243698524,Mints - Striped Red,Florida,850-157-9978
7335272521,Containter - 3oz Microwave Rect.,Indiana,765-303-9630
4689843619,Pepper - Cayenne,North Carolina,336-427-8237
5211815580,Tart - Pecan Butter Squares,Maryland,240-664-9451
9750839846,"Cheese - Brie, Cups 125g",Ohio,937-446-3808
1873396864,Cactus Pads,Florida,305-423-8281
1284557243,Coconut - Whole,New Hampshire,603-535-8311
9479279703,Langers - Mango Nectar,California,916-618-8066
3064130730,Chinese Foods - Plain Fried Rice,Pennsylvania,215-366-4638
3936430861,"Trout - Hot Smkd, Dbl Fillet",California,510-383-2527
1621135667,Water - Perrier,South Carolina,803-968-8217
0941045358,Jolt Cola - Red Eye,Michigan,517-845-9774
7220392702,Muffin Batt - Choc Chk,Florida,813-377-8249
9068483005,Ham - Cooked Bayonne Tinned,California,714-537-9443
0380581760,"Beans - Fava, Canned",Ohio,216-219-8499
5647467229,Wine - Chateau Aqueria Tavel,Indiana,260-967-5012
6168945369,Coffee Cup 12oz 5342cd,Nebraska,402-337-0308
7683212199,Munchies Honey Sweet Trail Mix,District of Columbia,202-567-1249
6095573777,Flour - Teff,Ohio,937-481-1498
2231293293,Foil Wrap,California,916-524-2844
2553523424,Potatoes - Idaho 80 Count,Iowa,319-716-4808
5515421914,Greens Mustard,Michigan,734-215-5286
4436511286,Bread - Calabrese Baguette,Illinois,312-133-4143
0803242352,Table Cloth 91x91 Colour,Washington,425-102-9693
2450959890,Sage Ground Wiberg,New York,212-134-7842
2287091610,"Lettuce - Romaine, Heart",Washington,509-372-7851
4977815076,Sprouts - Onion,Montana,406-757-2092
2017065765,Pastry - Choclate Baked,Nevada,702-418-5244
8766375010,Pomegranates,Kansas,816-646-8014
2970647915,"Rum - Dark, Bacardi, Black",California,619-845-0501
5715458870,Turnip - White,Pennsylvania,717-344-5944
9206265423,Bay Leaf,Illinois,217-330-5409
1227200501,Lambcasing,Texas,325-946-1445
8073571919,Venison - Liver,California,661-744-7930
1087398576,Chicken - White Meat With Tender,Florida,954-148-6688
0956351530,Black Currants,Missouri,816-556-0740
9190485122,Juice - Lime,District of Columbia,202-266-9171
4363078960,Container - Clear 32 Oz,Oklahoma,405-986-2594
7771798241,Cup - Paper 10oz 92959,Florida,904-485-4841
1892617005,"Tortillas - Flour, 12",Florida,352-967-4194
3807329196,Swordfish Loin Portions,Florida,850-756-8482
5074568676,Sultanas,Texas,936-919-0180
5777343856,Cheese - Taleggio D.o.p.,New York,718-711-5951
0364656719,Muffin Mix - Lemon Cranberry,District of Columbia,202-103-7041
1226614140,Shrimp - Tiger 21/25,Texas,915-243-2064
6902964300,Olives - Nicoise,Texas,214-537-8310
0642535299,Chicken - Soup Base,Pennsylvania,267-518-7777
6679410592,"Coke - Classic, 355 Ml",California,949-151-5167
8446869594,Wine - Valpolicella Masi,Texas,817-511-7508
4003471318,"Bread - Pita, Mini",Texas,214-577-3531
9202316570,Mayonnaise - Individual Pkg,Ohio,937-157-3301
2934701069,"Wine - White, Pelee Island",Virginia,757-205-6772
7006463793,Tofu - Soft,California,310-316-3822
2870103735,Wine - Toasted Head,Nevada,702-398-4433
0037294016,Madeira,New Jersey,862-546-2902
1537285459,Herb Du Provence - Primerba,Texas,325-632-8966
9541322026,"Bag - Bread, White, Plain",Nebraska,402-653-4359
8925388960,"Vodka - Lemon, Absolut",Texas,682-433-4456
4840915180,Muffin - Mix - Bran And Maple 15l,District of Columbia,202-218-8777
5765806155,Orange Roughy 4/6 Oz,Massachusetts,413-908-8667
2952121168,Island Oasis - Mango Daiquiri,Oklahoma,405-581-1956
2603876724,Wine - Vineland Estate Semi - Dry,Ohio,330-848-0947
4839898790,"Cheese - Boursin, Garlic / Herbs",Connecticut,203-528-1607
4698676258,Longos - Chicken Caeser Salad,Virginia,757-980-8320
1602005133,Gatorade - Orange,Hawaii,808-506-0393
8185758018,"Beef - Cooked, Corned",California,760-884-1420
3817116381,Chevere Logs,New York,646-134-3276
1447586786,Wine - Ruffino Chianti Classico,Nebraska,402-236-9406
6700594154,Scallops - In Shell,Florida,727-132-2502
1927387655,"Wine - Bourgogne 2002, La",Colorado,303-295-0633
1035748207,Table Cloth - 53x69 Colour,New York,917-995-6651
2340409500,Carrots - Jumbo,Texas,281-394-7612
2484990758,Wine - Sawmill Creek Autumn,Georgia,706-388-7781
2526397030,Sun - Dried Tomatoes,Georgia,404-369-7857
1532418949,"Wine - White, Colubia Cresh",Florida,305-919-6796
8877622849,Brandy Apricot,Georgia,404-973-4749
7562378851,Soup Bowl Clear 8oz92008,Florida,954-779-0835
5948038394,Wine - Casillero Del Diablo,South Carolina,864-714-8059
3384180534,Capers - Ox Eye Daisy,Colorado,719-395-9533
4347425503,Creme De Cacao Mcguines,New York,716-866-4335
0271480602,"Appetizer - Spring Roll, Veg",Texas,210-499-4535
3479940021,Wine - Conde De Valdemar,Alabama,205-701-7105
7064130920,Ecolab - Solid Fusion,District of Columbia,202-663-0654
3590237481,Wine - Maipo Valle Cabernet,Kansas,785-835-3823
5576790367,"Soup - Knorr, Chicken Noodle",California,619-577-9009
7763495375,Salt - Sea,Florida,850-731-2808
9550671771,Onions - Red Pearl,Texas,214-844-8679
6759454936,Cloves - Ground,New York,518-755-6483
0995367701,Water - Spring 1.5lit,California,916-111-9516
6464198289,Cream - 35%,New York,518-211-1786
1727557905,Remy Red Berry Infusion,California,714-761-3479
6758329127,Cardamon Seed / Pod,California,209-485-4690
8561510226,Pepper - Yellow Bell,California,805-285-9757
0171329473,Coconut - Whole,New Jersey,609-188-5688
4259592246,Salmon Steak - Cohoe 6 Oz,New York,347-405-9603
9959351564,Wine - George Duboeuf Rose,Virginia,571-177-8652
6314837502,"Rum - Dark, Bacardi, Black",Minnesota,952-645-8011
9469544765,Yeast Dry - Fermipan,California,408-684-4853
2288951028,Wine - Fontanafredda Barolo,New York,718-944-1760
0413265765,Orange - Tangerine,Vermont,802-753-4468
1258542749,Steel Wool S.o.s,Utah,801-829-3496
5693559939,Clam - Cherrystone,Vermont,802-897-8174
5169762526,"Pasta - Canelloni, Single Serve",Texas,214-181-0116
2340143403,Apples - Spartan,Mississippi,601-290-7341
8484156516,Red Currants,Indiana,812-166-5374
7942257614,Cheese - Victor Et Berthold,Hawaii,808-644-8773
1256023930,Cinnamon Rolls,Mississippi,601-311-6914
6059579841,Cheese - Bocconcini,New York,716-986-0344
6556633534,Pepper - Orange,Montana,406-894-8800
5803428558,"Wine - White, Colubia Cresh",District of Columbia,202-939-9680
5638158308,Plaintain,Texas,469-392-9882
6431622030,Puree - Mango,California,510-523-4538
1609546202,Kahlua,Maryland,443-310-2961
5564325990,Bok Choy - Baby,Ohio,216-331-8497
0060457554,Longos - Greek Salad,Illinois,630-104-5924
6534474506,Ice Cream Bar - Rolo Cone,Minnesota,952-254-7780
9071141373,"Peas - Pigeon, Dry",Texas,915-540-3964
1120551110,"Wine - Mas Chicet Rose, Vintage",Illinois,312-921-4165
5377046269,Energy Drink - Franks Original,Florida,813-223-3760
9268465876,Flour - Semolina,Ohio,513-531-5065
7056664911,Nut - Macadamia,Michigan,517-432-4532
5760944568,Bread - Olive Dinner Roll,Missouri,816-762-2117
6534696061,Wine - Pinot Noir Mondavi Coastal,New Jersey,973-742-5561
3988367451,Steampan - Half Size Shallow,Illinois,217-813-4879
4669105671,"Zucchini - Mini, Green",Texas,915-678-1536
8105375168,Kellogs Cereal In A Cup,New York,212-767-8729
8608795515,Tarragon - Fresh,Michigan,517-319-6747
8589288153,"Coconut - Creamed, Pure",Iowa,515-515-6450
0323910580,Table Cloth 54x72 White,Illinois,312-818-1231
7742038420,Guinea Fowl,Tennessee,423-424-4346
8544564895,Halibut - Fletches,Michigan,313-823-3109
6876360571,Cheese - Comte,Texas,713-772-4018
4531767853,Muffin Mix - Banana Nut,District of Columbia,202-309-5128
5622862116,Broom Handle,Virginia,540-198-9743
5181886213,Lettuce - Boston Bib - Organic,Florida,850-432-0840
1625853742,"Water, Tap",Florida,407-227-9289
8246018116,"Seedlings - Buckwheat, Organic",Massachusetts,413-723-1949
9395256567,Sea Bass - Whole,Texas,254-281-7844
7306613898,"Pasta - Rotini, Dry",California,805-994-3870
5391880335,"Napkin - Dinner, White",Maryland,410-709-4478
8879676091,Red Pepper Paste,Kansas,316-298-2484
1908939346,Potatoes - Mini White 3 Oz,Nevada,702-306-9426
8042924682,Ketchup - Tomato,Pennsylvania,570-367-5768
9029518189,Wine - Two Oceans Sauvignon,Colorado,303-272-6979
6278588269,Venison - Liver,Connecticut,203-129-9813
9290268182,Wine - Bouchard La Vignee Pinot,Indiana,812-981-0135
3653912482,Cake - Sheet Strawberry,Texas,214-197-8737
2139387848,Broom - Corn,Massachusetts,508-961-0968
0569242185,Compound - Rum,Georgia,678-632-3555
6029904485,Sauce - Hp,Texas,817-213-0098
8415761147,Soup Campbells,Connecticut,860-594-4461
6918333348,"Asparagus - White, Canned",California,626-170-6667
8012023903,Wine - Domaine Boyar Royal,Michigan,517-740-5976
5975035120,Muffin Batt - Carrot Spice,New York,845-700-6071
5094487736,"Coffee - Beans, Whole",Minnesota,507-289-5270
4412002039,Beef - Kobe Striploin,Louisiana,225-397-5066
9521326263,Shrimp - Black Tiger 16/20,Texas,915-992-2462
0385196482,Crab - Imitation Flakes,Arizona,602-147-6019
0123591406,Calypso - Pineapple Passion,Texas,214-175-7178
8083323438,Wine - Cave Springs Dry Riesling,District of Columbia,202-235-0502
1075592771,Swordfish Loin Portions,Delaware,302-610-1399
0905955854,Bread Base - Gold Formel,California,916-482-9977
0340317728,Trout - Smoked,Virginia,757-368-1069
9111848146,Longos - Lasagna Veg,Texas,210-379-0820
9376466543,Ecolab - Lime - A - Way 4/4 L,New York,518-364-3447
1370338414,Shopper Bag - S - 4,Wisconsin,608-373-1467
7584981674,"Pork - Sausage, Medium",Michigan,231-471-9926
1677285494,Shrimp - Black Tiger 16/20,Illinois,309-188-9736
7795317987,Ice Cream - Turtles Stick Bar,Georgia,404-315-5665
3970883547,Icecream Bar - Del Monte,Nebraska,402-821-5767
5002345557,Cheese - Provolone,Ohio,440-807-4194
0648732347,Chocolate - Dark,California,310-841-8165
7237939653,"Coconut - Shredded, Unsweet",Ohio,330-704-1776
8571365660,Carrots - Mini Red Organic,Minnesota,651-362-6377
3791885790,Beer - Paulaner Hefeweisse,District of Columbia,202-709-7129
0189351039,Pork - Bones,Connecticut,860-349-3193
9414009523,"Mushroom - Trumpet, Dry",Virginia,540-719-5062
4431984291,Tomato Paste,California,562-623-0017
6681944868,"Wine - White, Gewurtzraminer",Pennsylvania,724-205-3297
6510816229,Wine - Soave Folonari,California,619-769-3996
8097948036,Soup - Campbells Pasta Fagioli,Minnesota,952-433-8765
9164250067,Oil - Margarine,District of Columbia,202-834-1758
0032561563,Sprouts - Bean,Washington,425-875-5867
7274445529,Rice - Sushi,Oklahoma,405-423-1075
6996678935,Chinese Lemon Pork,Kansas,913-333-5159
6541281793,"Cheese - Havarti, Roasted Garlic",Illinois,217-751-8697
2250681473,Cake - Mini Cheesecake,Texas,281-449-6800
3032848814,"Wine - Red, Gallo, Merlot",Michigan,248-751-0985
0059049014,"Rum - Cream, Amarula",Delaware,302-577-4519
7917866378,Calypso - Strawberry Lemonade,California,559-184-9313
0647525534,Beer - True North Lager,Oklahoma,918-280-6583
9349878291,Muffin - Mix - Mango Sour Cherry,Illinois,309-136-8683
1212623428,Bonito Flakes - Toku Katsuo,Texas,915-293-7130
9003191611,"Club Soda - Schweppes, 355 Ml",Georgia,912-963-2866
0516405233,Pepper - Orange,Florida,941-704-3132
9481710653,Cookie Dough - Peanut Butter,Oklahoma,918-713-1831
9091625236,Tequila - Sauza Silver,New York,516-779-5488
6031532417,Lobak,Texas,806-340-0920
3388123241,Jolt Cola - Red Eye,California,858-224-0790
0586752951,Bread - Focaccia Quarter,Georgia,770-966-6688
4583316798,"Beef - Rib Roast, Capless",Minnesota,651-930-5917
4330984830,Compound - Passion Fruit,Indiana,812-840-3871
4306904237,Pork - Smoked Back Bacon,California,530-861-3762
6623782842,Tamarind Paste,Texas,713-350-4533
8189485555,Lettuce - Red Leaf,California,714-677-8737
8214176018,Ice Cream Bar - Oreo Sandwich,Florida,813-126-0370
1690440740,"Stock - Chicken, White",Missouri,314-738-6410
6240853178,Buffalo - Striploin,North Carolina,910-893-9449
6014667717,Mix - Cappucino Cocktail,New Mexico,505-731-9022
2588071570,Tea - Decaf Lipton,Tennessee,901-670-8220
3606262221,Sponge Cake Mix - Vanilla,Utah,801-255-4165
5807327039,Oyster - In Shell,District of Columbia,202-613-8129
5647563902,Bread - Granary Small Pull,Oklahoma,918-959-5135
3587775230,"Liners - Banana, Paper",Iowa,319-203-7397
2567319999,Oil - Avocado,California,949-695-6901
5308806500,"Mushroom - Porcini, Dry",Pennsylvania,215-314-9957
3876008360,Chips Potato All Dressed - 43g,Texas,254-353-5298
8771441549,Guava,California,626-346-3065
4600308654,Wine - Domaine Boyar Royal,Texas,512-288-2150
9658504760,Rabbit - Whole,Texas,214-487-5064
4402493862,Squid - U 5,Massachusetts,978-852-9512
6145258780,Cleaner - Lime Away,Washington,425-186-5394
9496696503,Bread - French Baquette,Texas,806-141-3428
1524273805,Cookies - Amaretto,Texas,915-545-8388
0826191843,Swordfish Loin Portions,Louisiana,504-904-2500
9296889480,Sponge Cake Mix - Vanilla,Maryland,410-854-9429
3387430124,Goat - Whole Cut,Illinois,309-133-2089
3769838904,Bread - Pain Au Liat X12,Oklahoma,405-590-0650
9551893255,"Tortillas - Flour, 8",Texas,214-296-0382
3445656185,Muffin Puck Ww Carrot,Virginia,540-299-1554
3301200524,Vanilla Beans,California,916-235-0483
9538256441,"Pail - 15l White, With Handle",Massachusetts,413-160-9744
7059829954,Carbonated Water - Peach,Virginia,434-584-5016
8472639460,Tuna - Loin,Massachusetts,617-396-6780
6009524563,Halibut - Steaks,Arizona,520-630-4587
9113994921,"Pail - 4l White, With Handle",Hawaii,808-870-7247
4384059906,Butter - Pod,Texas,817-386-0988
7895767577,Pork Loin Cutlets,Florida,954-194-7712
5386504290,Beans - Yellow,Texas,915-837-4753
3379508969,Vodka - Smirnoff,California,650-699-2569
0748717579,Bread - Triangle White,Iowa,515-291-0001
6682291280,Container - Clear 32 Oz,Ohio,330-684-7038
9018450197,Beef - Rib Eye Aaa,Tennessee,901-127-9604
3730307665,Mustard - Seed,California,661-323-3128
4776501767,Apple - Granny Smith,Georgia,404-821-8918
1574357360,"Tuna - Canned, Flaked, Light",Texas,210-541-6120
2919718150,Mushroom - King Eryingii,California,916-875-9928
4837710409,"Wine - Red, Cooking",West Virginia,304-995-3855
7652197074,Anisette - Mcguiness,California,818-376-9294
9602993154,Wine - Muscadet Sur Lie,Utah,801-231-5173
5253787100,Beef - Inside Round,Texas,915-678-8674
8400400852,Cumin - Ground,South Carolina,843-429-9344
5659746616,"Mushroom - Chanterelle, Dry",Iowa,319-238-4620
8267793534,Cookie Dough - Chocolate Chip,Florida,561-414-1576
3539392904,Lid - 3oz Med Rec,Washington,206-830-9603
7257604770,Scampi Tail,Maryland,301-864-5228
8331615328,Olives - Stuffed,Maine,207-480-1083
0612293041,Lamb - Bones,California,714-458-0872
0777824140,Wiberg Cure,District of Columbia,202-504-5633
7509241049,Scallops - In Shell,District of Columbia,202-195-8666
7748344566,"Red Snapper - Fresh, Whole",Florida,727-951-0936
5024809017,"Juice - Pineapple, 341 Ml",Texas,432-106-1271
1538714205,Bread - Rye,West Virginia,304-247-3723
0374042985,Bread - Bistro Sour,Florida,850-508-4539
6141688225,"Cheese - Cheddar, Old White",Alaska,907-518-5000
0856457442,Towel Dispenser,California,831-929-8384
1333641966,Frangelico,Washington,253-331-3083
7384428750,"Lamb - Whole Head Off,nz",Missouri,816-450-5279
7717584905,Gherkin,North Dakota,701-729-2458
1768923884,Cheese - Le Cheve Noir,Nevada,702-686-9103
8530486986,Chocolate - Milk Coating,Vermont,802-486-3674
1567922643,"Pail - 15l White, With Handle",New York,315-987-4702
6052613637,"Pasta - Linguini, Dry",Louisiana,504-870-1383
2883647135,Langers - Cranberry Cocktail,Florida,407-745-4695
1557316953,Beef - Diced,Connecticut,203-910-7918
8218444742,"Wine - White, Cooking",Florida,863-753-9247
9582715324,Chicken - Wieners,Missouri,816-580-6967
3979032620,"Pasta - Lasagna, Dry",Texas,512-655-3363
9592850801,Sauce - Rosee,Texas,806-481-1507
0308895533,Sunflower Seed Raw,Kentucky,859-503-8439
7887191068,Honey - Liquid,California,916-252-8162
0948069422,Scallops - 10/20,New York,315-604-5371
2786222540,Lamb - Shoulder,Georgia,678-247-5014
7088902753,Parsnip,Illinois,217-359-7463
4988588939,Squid Ink,Indiana,317-933-3896
1076227171,Pepper - Sorrano,Washington,509-334-5733
4663377262,"Lamb - Whole Head Off,nz",Texas,915-928-4946
9870928293,"Shrimp - 16/20, Peeled Deviened",Georgia,706-483-0670
4531168585,Milk - Chocolate 250 Ml,Florida,727-606-6924
6179425175,Mousse - Mango,California,661-419-8495
4395094783,Soupfoamcont12oz 112con,North Carolina,704-180-4279
9897567402,Island Oasis - Magarita Mix,Texas,713-505-7148
1521083746,Blouse / Shirt / Sweater,Oregon,971-346-5063
0287845613,Pork - Smoked Kassler,Louisiana,318-726-9644
7076570300,Carbonated Water - Blackcherry,Ohio,614-694-6102
1424512344,"Cup - 3.5oz, Foam",Hawaii,808-260-2867
4095630825,"Ranchero - Primerba, Paste",North Carolina,704-183-2896
3004976528,Beef Striploin Aaa,Massachusetts,508-317-8677
3023629013,Bouillion - Fish,Florida,813-757-1424
0751469858,Veal - Kidney,New York,716-831-0615
2658330758,Wine - Toasted Head,Florida,772-131-2850
6752331642,Zucchini - Yellow,Delaware,302-113-7543
3942331985,"Iced Tea - Lemon, 340ml",Florida,239-771-1240
9240541403,Parasol Pick Stir Stick,Georgia,404-538-2291
3188893361,Beer - Guiness,Texas,936-604-7891
4134624711,Temperature Recording Station,North Carolina,919-504-3506
6559917509,"Olives - Black, Pitted",Texas,903-138-2763
2238587748,Remy Red Berry Infusion,Iowa,515-232-6950
8097976293,Beef - Diced,Michigan,313-595-1888
5664937572,Glass Clear 7 Oz Xl,Connecticut,203-860-2455
3523357667,Longos - Grilled Salmon With Bbq,Ohio,330-971-6452
7588457937,Bulgar,Arizona,623-521-6496
4420762489,Sachet,Michigan,248-716-9397
8312644040,Appetizer - Cheese Bites,South Carolina,843-288-3888
6202230630,Salami - Genova,Ohio,513-205-4984
9468265714,Pastry - Mini French Pastries,Texas,254-780-0523
2309260509,Artichoke - Fresh,Maryland,240-549-0042
3970221366,Easy Off Oven Cleaner,Tennessee,865-331-2629
6804165497,Soupfoamcont12oz 112con,New York,917-956-8672
3621056823,Seaweed Green Sheets,Washington,206-250-9364
3436177040,"Pasta - Fettuccine, Egg, Fresh",Minnesota,952-649-7529
7265940822,Squid Ink,Virginia,703-421-3696
0356639940,Soup - Campbells Mac N Cheese,District of Columbia,202-568-4224
5654957740,Beer - Rickards Red,Kansas,913-667-9474
7091484681,Ginsing - Fresh,Florida,305-907-2594
1083517163,Shrimp - Black Tiger 8 - 12,California,323-354-9835
4833312603,Chocolate - Feathers,Ohio,513-626-4480
0270956816,Table Cloth 120 Round White,California,562-313-1998
6731249068,"Soup - Canadian Pea, Dry Mix",Nevada,702-493-0768
0679638415,Sauce - Chili,Connecticut,203-631-4031
0364897937,Wine - Port Late Bottled Vintage,California,408-453-1686
8427560362,"Red Snapper - Fresh, Whole",Alabama,205-746-6816
8657258293,Cookie Dough - Chunky,Indiana,812-140-3875
6534011069,Pasta - Orecchiette,South Carolina,864-909-2846
9342200222,"Soup - Knorr, Chicken Gumbo",Virginia,804-762-6826
9131226523,Filling - Mince Meat,Arizona,520-189-3885
3556029391,"Carrots - Purple, Organic",Pennsylvania,-239-3422
4275186613,Sobe - Orange Carrot,Louisiana,504-985-9610
3359760921,"Juice - Apple, 500 Ml",Wisconsin,608-393-9374
3212377887,"Chocolate - Pistoles, White",Pennsylvania,412-639-3421
1729592996,Langers - Mango Nectar,Oregon,503-486-7505
9031451126,Flour - Pastry,Texas,915-908-9133
6135887599,"Beef - Ground, Extra Lean, Fresh",Illinois,815-677-8330
2615168894,Papayas,South Carolina,843-178-2612
6393775920,Cheese - Goat With Herbs,Colorado,719-647-7348
1114392693,Beer - Guiness,Connecticut,860-533-9613
2936725798,Thyme - Dried,Illinois,312-316-8961
9091486627,Kolrabi,California,626-287-1968
9236256686,Juice - Lemon,Arizona,520-141-6622
5393104049,Tray - 16in Rnd Blk,California,916-504-1408
0795968183,Brandy - Bar,California,760-321-8378
2414641339,Pears - Anjou,North Carolina,910-553-2860
0362265496,Scampi Tail,Louisiana,318-159-5350
3114762883,Wiberg Cure,Missouri,417-203-3074
8653342028,Cheese - Parmesan Grated,Iowa,515-127-3281
2853616657,Lotus Root,Florida,850-433-6578
2639369229,Cheese - Perron Cheddar,Connecticut,203-748-0619
1264829361,"Turkey - Breast, Smoked",Washington,360-913-6705
5767225478,Meldea Green Tea Liquor,Ohio,513-862-8933
3689867770,Nantuket Peach Orange,Texas,254-698-9448
3827429056,Galliano,Mississippi,662-736-5178
2974213561,"Lamb - Leg, Bone In",New York,212-502-5430
8440832451,Schnappes Peppermint - Walker,Virginia,571-182-5013
7509867800,Tray - 16in Rnd Blk,Ohio,614-305-0114
2194909729,Coffee Decaf Colombian,Florida,561-962-4922
8156511425,Longos - Grilled Chicken With,Washington,360-717-3615
3779477645,Bar - Sweet And Salty Chocolate,Texas,432-616-6267
6954486051,Table Cloth 53x69 White,Tennessee,423-523-5505
8897990452,Shrimp - 31/40,Georgia,706-823-2890
3531238205,"Tart Shells - Sweet, 2",New Mexico,505-260-0408
9297328288,Ecolab - Medallion,Idaho,208-210-8932
5782870184,Tomatoes Tear Drop,Indiana,260-557-9438
0876705980,"Zucchini - Mini, Green",Florida,727-376-7314
9849482176,Tea - Herbal - 6 Asst,Illinois,847-311-2811
2065018003,Sprouts Dikon,Illinois,312-939-6052
4627001339,"Pepper - Black, Crushed",North Dakota,701-612-9458
2218253100,Butter Balls Salted,District of Columbia,202-282-8966
6357596760,"Veal - Chops, Split, Frenched",California,619-813-9500
8097311380,Bread - Focaccia Quarter,Virginia,540-185-4402
3646665017,Flour - Pastry,Pennsylvania,215-231-9017
9289519061,Cheese - Brie,Connecticut,203-705-5789
9872414246,Wine - Pinot Noir Stoneleigh,Ohio,330-564-2830
3802281438,Orange Roughy 6/8 Oz,Alabama,256-823-7059
8718565166,Muskox - French Rack,Maryland,443-269-3809
2870120184,Onions - Cippolini,Maryland,301-818-5330
3540368302,"Beets - Candy Cane, Organic",California,805-438-1518
0376579374,"Cup - 3.5oz, Foam",Ohio,937-652-4926
6347131439,Milk - 2%,Washington,253-646-8232
4626271693,Wanton Wrap,Texas,817-954-6529
3639994744,Beef - Eye Of Round,Kansas,785-518-2082
6824198609,"Pork - Ham, Virginia",California,323-788-5712
0391418173,"Nut - Walnut, Chopped",Florida,850-189-9731
4694598945,Apple - Royal Gala,Utah,801-544-7216
7962440392,Bread - Raisin,Nebraska,402-984-7753
1966105649,"Quail - Whole, Bone - In",North Carolina,919-600-6354
2277788341,Steel Wool,California,626-367-8623
9840288652,"Croissant, Raw - Mini",Pennsylvania,412-694-1576
7162188230,Creamers - 10%,Texas,325-146-9296
1007709448,Milk - 2%,California,310-308-6765
7985955984,Milk - Skim,Texas,682-244-0872
0499978110,Plaintain,Virginia,540-139-6815
3876586828,Table Cloth 62x114 Colour,Texas,830-363-8671
7236513156,Nori Sea Weed - Gold Label,Florida,352-342-4944
0265628512,Garlic - Elephant,Washington,253-149-4260
8424041097,Spinach - Packaged,Florida,954-321-6383
2432439732,Beef Ground Medium,California,714-106-8168
8810541073,Shrimp - 100 / 200 Cold Water,California,951-451-4034
4674284961,Glove - Cutting,Maryland,410-207-6009
3634533536,Lamb - Bones,Georgia,478-799-2954
5978073341,Shopper Bag - S - 4,District of Columbia,703-358-2832
0192867210,"Cherries - Maraschino,jar",New York,716-113-1835
3876457491,Bar Bran Honey Nut,California,818-177-5594
4598203862,Dried Peach,Nevada,775-199-9020
0677777086,Cheese - Perron Cheddar,Virginia,540-186-9679
6090555045,Tia Maria,District of Columbia,202-697-7959
2633388434,"Split Peas - Yellow, Dry",New York,315-495-0601
7301840314,Fennel - Seeds,California,408-176-5769
5683761506,Bols Melon Liqueur,California,415-717-8037
9118502547,"Mushroom - Shitake, Fresh",Kansas,913-293-3581
9232641380,Beans - Kidney White,California,530-424-3724
7440942132,Apple - Macintosh,Delaware,302-424-0227
2619823110,Bread - Pain Au Liat X12,Texas,214-169-3078
4359322399,Glass - Juice Clear 5oz 55005,Pennsylvania,215-764-9187
0886436532,Salmon Steak - Cohoe 8 Oz,North Carolina,434-929-4855
0845316273,Eggwhite Frozen,California,818-127-4670
7841654669,Spice - Pepper Portions,Maryland,410-752-4389
5871115969,Longos - Lasagna Veg,Texas,940-896-0640
6139058473,Sesame Seed,Wisconsin,414-903-8641
5870868262,"Beans - Turtle, Black, Dry",Florida,407-429-0376
8109528627,Tamarind Paste,Massachusetts,617-891-0170
8243750673,Salt - Sea,Pennsylvania,267-713-8267
1732582572,Cloves - Ground,Ohio,513-328-7021
6199038975,Chicken - White Meat With Tender,Florida,941-431-9437
8923455024,"Pork - Loin, Boneless",New Jersey,609-254-8797
2448733309,Spice - Paprika,Montana,406-399-7496
9047077091,Ice Cream - Strawberry,Illinois,312-860-6132
5535745308,Pur Value,Michigan,734-303-7965
9936685415,"Shrimp - 16/20, Peeled Deviened",Texas,915-637-3308
6400877169,Berry Brulee,Kentucky,502-419-3932
8944401586,"Wine - Red, Concha Y Toro",Illinois,815-903-0638
2782496174,Pickles - Gherkins,Texas,713-251-7007
9209777808,"Chicken - Wings, Tip Off",Connecticut,860-651-7276
7590608149,Cornflakes,Florida,239-404-4653
1566320305,"Fish - Atlantic Salmon, Cold",Illinois,815-169-1676
1796861081,"Brocolinni - Gaylan, Chinese",Iowa,515-524-1226
4786997536,Kellogs Special K Cereal,New York,212-420-7029
8861522971,Cheese - Cambozola,California,415-735-9035
5109920990,Chick Peas - Canned,Texas,713-866-5607
2950635334,Cookie - Oreo 100x2,Texas,713-499-3119
6687020307,Yeast Dry - Fleischman,Kansas,913-771-7857
8499870082,"Wine - Red, Colio Cabernet",Pennsylvania,215-997-0104
1293118079,Beef - Flank Steak,Florida,904-282-1840
9347670391,Cheese - Comte,Oklahoma,918-550-1316
7720418204,Snapple Raspberry Tea,Alabama,251-512-7681
5204185720,Lemons,North Carolina,704-150-6581
5809997295,Pepper Squash,Georgia,404-152-0677
0402448553,Beans - Fine,Georgia,912-460-4541
9777201257,Pop - Club Soda Can,Illinois,312-967-0017
8471798476,Berry Brulee,California,310-473-7196
7362198531,Pepper - Orange,Texas,214-561-2811
1191577678,Buffalo - Short Rib Fresh,West Virginia,304-478-3287
6663637797,Cookie - Oreo 100x2,California,626-708-9679
3221016018,"Croissant, Raw - Mini",Alabama,334-674-7032
6486946040,"Beans - Black Bean, Preserved",Alabama,256-314-3208
9353100488,Nantucket - Orange Mango Cktl,Tennessee,901-340-0400
9543555796,French Pastries,Kentucky,502-907-9215
9785101517,Lamb Shoulder Boneless Nz,California,310-502-0006
4779864550,Greens Mustard,Missouri,314-631-9607
3405638828,Straw - Regular,Florida,561-245-5554
3718332256,Turkey Tenderloin Frozen,Texas,469-813-0909
7585616287,Gatorade - Cool Blue Raspberry,District of Columbia,202-405-1280
5374341928,"Bread - Roll, Italian",Indiana,812-599-9219
1331970865,Vinegar - Raspberry,Wisconsin,608-991-1428
5946947419,Rabbit - Saddles,Indiana,574-567-7665
7589553263,Food Colouring - Green,Texas,469-372-8324
8072725505,Water - Evian 355 Ml,Connecticut,203-787-5091
7185325161,Muffin - Mix - Bran And Maple 15l,Illinois,630-809-4104
5053606153,Gatorade - Xfactor Berry,Pennsylvania,570-944-5119
5499880255,Cheese - Fontina,Indiana,317-367-0719
9736534197,"Pasta - Cannelloni, Sheets, Fresh",Nevada,702-159-3394
9881528585,Pecan Raisin - Tarts,California,415-507-9978
2220607887,Skirt - 24 Foot,Texas,817-662-7570
2472618417,Flavouring - Orange,California,805-962-1761
5092688831,Juice - Ocean Spray Kiwi,Florida,727-852-1645
1148140883,Canada Dry,California,415-310-0068
5053505675,Cape Capensis - Fillet,California,626-942-8598
6468051371,Beef - Eye Of Round,California,213-317-1045
5879044742,"Pork - Bacon,back Peameal",Tennessee,901-372-5753
5544398259,Apples - Sliced / Wedge,Florida,561-747-7083
8410663023,Soup - Campbells Mac N Cheese,Texas,214-663-4322
9688266221,Beef - Texas Style Burger,Texas,512-317-0151
5692910691,Avocado,New York,585-802-3853
7609044113,Snapple Raspberry Tea,Oregon,971-197-8547
1860402771,Chutney Sauce,Washington,509-367-0886
7004518574,Rhubarb,California,818-329-5744
9508666757,Cookie - Oreo 100x2,Tennessee,901-769-7952
8898511698,Hagen Daza - Dk Choocolate,Ohio,614-427-2701
0045888612,Island Oasis - Peach Daiquiri,Arizona,520-437-1348
1608280128,Napkin White - Starched,New York,212-361-0800
3067667336,Country Roll,North Carolina,828-938-2385
0826902677,Flower - Dish Garden,Virginia,757-497-7012
1240003935,Dried Cherries,Missouri,314-355-4597
2700177037,"Apple - Delicious, Golden",Arizona,602-338-1119
1825102686,Myers Planters Punch,Illinois,773-918-4017
1563692651,Vinegar - Raspberry,North Carolina,704-887-0200
3856099506,Sauce - Alfredo,Pennsylvania,412-467-6571
6505906584,Ecolab - Ster Bac,Florida,904-962-1535
4439722199,Table Cloth 62x114 White,Texas,972-573-3592
3759608558,Edible Flower - Mixed,New York,718-889-8821
0049575813,"Cheese - Havarti, Salsa",Texas,214-968-8751
6941662344,Sauce - Marinara,Ohio,513-359-0010
1165379198,Shark - Loin,Georgia,706-806-9177
1855429578,Cabbage - Nappa,North Carolina,910-613-3852
5803162043,Ice Cream - Turtles Stick Bar,Minnesota,612-363-1699
1965135390,"Juice - V8, Tomato",Florida,954-934-8479
8455921463,Sproutsmustard Cress,Texas,832-216-4511
0994232926,Extract - Almond,Michigan,269-396-5019
6976078681,Potatoes - Pei 10 Oz,Arkansas,501-893-6807
6250994475,Lamb Leg - Bone - In Nz,Minnesota,763-633-8505
0063134748,Bread - Rye,Virginia,804-734-5782
5872328060,Beer - Mcauslan Apricot,Nevada,775-990-8963
9251234787,Macaroons - Homestyle Two Bit,Oklahoma,918-785-4945
7376753869,Oil - Olive,Nevada,702-127-0058
3725836590,Higashimaru Usukuchi Soy,South Carolina,843-303-4777
6571697114,Plate Pie Foil,Texas,915-828-6048
3987299835,Beans - Fava Fresh,North Carolina,919-780-3213
6084307205,Jolt Cola - Red Eye,Massachusetts,617-758-1477
5025140285,Sobe - Orange Carrot,District of Columbia,202-862-9519
8881571749,Syrup - Monin - Passion Fruit,Georgia,404-355-7401
7900901019,Pepper - Chilli Seeds Mild,Minnesota,651-678-5660
4045316302,Cheese - Gouda,North Carolina,336-555-3910
1965008259,Pork - Caul Fat,Pennsylvania,717-617-2962
2078864722,Coffee Cup 16oz Foam,California,805-297-0104
6847482915,Cardamon Ground,Wisconsin,608-661-9898
5303553744,Appetizer - Veg Assortment,District of Columbia,202-699-0570
2863849948,Beer - Fruli,California,916-890-2720
0166540307,Dc Hikiage Hira Huba,Ohio,513-272-3501
1446560422,Wine - Sicilia Igt Nero Avola,New York,646-428-5054
8452111827,Appetizer - Southwestern,Florida,813-585-4722
9899099031,Rice - 7 Grain Blend,Florida,321-462-8789
3632333696,Broom Handle,Nebraska,402-826-3631
4014790231,Carbonated Water - White Grape,California,559-691-0725
0065500326,Cookie Dough - Oatmeal Rasin,New York,914-503-3079
1272437620,Soho Lychee Liqueur,Virginia,571-152-7258
0119825406,Shiratamako - Rice Flour,Washington,253-513-7607
6801750380,Parsley Italian - Fresh,Indiana,260-810-3866
4345248299,Gatorade - Fruit Punch,Texas,682-847-2605
6517957928,Lettuce - Arugula,Texas,915-211-7692
7218881432,Dawn Professionl Pot And Pan,Oklahoma,405-663-9067
0423105671,Sea Bass - Fillets,Washington,425-343-6292
5975286964,Melon - Cantaloupe,Texas,832-789-2459
0435386506,Muffin - Mix - Creme Brule 15l,South Carolina,843-659-9332
8518350298,Rambutan,Virginia,540-399-1331
9836081070,Beef - Flank Steak,Florida,813-969-2269
3207951856,Pepper Squash,New York,516-543-5120
3489044770,"Veal - Chops, Split, Frenched",District of Columbia,202-323-5972
6724351456,Chinese Foods - Cantonese,California,626-197-7468
7271625909,"Pail - 4l White, With Handle",Ohio,419-421-6532
0890621365,Wine - Barbera Alba Doc 2001,Illinois,815-893-4401
4249528693,"Oil - Shortening,liqud, Fry",Texas,210-122-5110
9998170427,Strawberries - California,Oregon,503-570-6398
7944431247,Tea - Apple Green Tea,South Dakota,605-295-7299
3654738931,Beer - Original Organic Lager,Ohio,513-700-1940
6062684340,Bag - Regular Kraft 20 Lb,Washington,206-292-8723
1429583681,Bread Base - Italian,Illinois,708-191-4824
1382459149,Cloves - Ground,Maryland,240-877-1257
3804317332,Lid Tray - 12in Dome,California,818-732-1249
8744277288,Tofu - Firm,Alabama,205-264-7433
2376563925,Energy Drink - Redbull 355ml,Washington,253-279-8903
0581377125,Laundry - Bag Cloth,California,415-993-4111
8112508925,Flour - Strong,Colorado,303-758-5303
5084347419,Cheese - Pied De Vents,Alabama,205-897-0355
7951745669,Versatainer Nc - 9388,Pennsylvania,814-468-8257
0185180809,Corn Syrup,Iowa,563-366-0768
2770308866,Coffee - Decafenated,Oklahoma,405-698-3500
0687781302,"Hickory Smoke, Liquid",District of Columbia,202-980-6681
7998039612,"Juice - Apple, 500 Ml",Arkansas,501-680-3296
8878347795,Salt - Kosher,Minnesota,218-300-6570
3794231988,Wine - Magnotta - Belpaese,California,562-597-4405
3603048512,"Bread - Rolls, Corn",Oklahoma,918-905-9429
1692658492,Teriyaki Sauce,Louisiana,504-916-8383
9674473653,Tomatillo,Florida,305-986-4357
8011038958,Cheese - Taleggio D.o.p.,District of Columbia,202-618-9008
1160109087,Nori Sea Weed - Gold Label,New York,917-149-9674
5931772057,"Bread - Roll, Calabrese",West Virginia,304-124-8563
9355751451,Beef - Salted,Virginia,540-544-0538
5253618600,Bag Clear 10 Lb,Washington,360-758-2580
3690343771,White Baguette,New York,716-775-7686
7594773683,Soup - Verve - Chipotle Chicken,Minnesota,952-439-7991
4110737338,Eggwhite Frozen,Iowa,515-573-7002
2763890571,Chips - Doritos,Virginia,571-649-9805
6782743442,Pork - Shoulder,Texas,817-138-9658
6978606316,Bagel - Everything Presliced,Texas,806-394-8252
6423166048,"Iced Tea - Lemon, 340ml",Colorado,303-507-0139
4860730186,Tilapia - Fillets,Oklahoma,405-576-1864
7049574929,Flour - Fast / Rapid,Nebraska,402-516-4139
4902539314,Butter - Unsalted,Massachusetts,413-788-1124
4591962202,Barley - Pearl,North Carolina,704-601-5175
5452198334,Towel Dispenser,Illinois,312-924-5489
3173992903,Absolut Citron,Texas,214-729-7423
2595792881,Tomatoes - Roma,Virginia,434-197-2841
5627457015,Chocolate Bar - Reese Pieces,Michigan,248-559-6186
4743775175,Chevril,Missouri,573-142-3531
8236055841,Chevere Logs,Illinois,331-347-7223
8391634027,Pail For Lid 1537,Texas,915-160-2301
8721201811,Energy Drink - Franks Original,Florida,786-906-5916
8224235734,Puree - Pear,New York,716-425-6070
3448058572,Appetizer - Escargot Puff,Alabama,334-418-5375
8728341198,Pepper - Red Chili,California,559-446-9788
2546714015,Wine - Merlot Vina Carmen,North Carolina,919-628-7845
7497327801,Juice - Ocean Spray Cranberry,Arkansas,479-582-3482
7016618129,Pie Pecan,West Virginia,304-195-9628
9635146647,Soap - Mr.clean Floor Soap,Oklahoma,405-546-6089
5123597565,Cognac - Courvaisier,California,408-815-3834
5954870926,"Wine - Red, Concha Y Toro",New Jersey,862-137-2810
3520768100,Grapes - Red,Idaho,208-639-7149
8412634918,"Carrots - Purple, Organic",Georgia,404-156-3952
0597390452,Muffin Puck Ww Carrot,South Carolina,803-140-1823
3288522497,Chips - Doritos,Alabama,334-830-7679
9524990504,"Crab - Claws, Snow 16 - 24",Louisiana,504-641-9957
8406776064,Cloves - Ground,Delaware,302-648-6688
4878594780,Bread - Italian Roll With Herbs,Kansas,785-144-4000
7653108377,Basil - Thai,District of Columbia,202-823-1424
1129599876,"Tomatoes - Plum, Canned",Maryland,410-466-2381
3991578557,"Rum - Dark, Bacardi, Black",North Carolina,704-386-5708
0154664197,Flower - Carnations,New York,212-169-3651
0815206747,Vinegar - Rice,California,530-159-6863
6695359768,"Tomatoes - Plum, Canned",California,510-486-9064
5997557294,Bread - White Epi Baguette,Florida,786-779-0655
8934889675,Buffalo - Tenderloin,Texas,915-865-3460
6049816638,Vinegar - White Wine,West Virginia,304-638-6205
8251288673,"Salmon - Atlantic, Skin On",Florida,954-979-4568
8465533377,Cheese - Comte,Indiana,812-912-6746
0662891775,Tea - Decaf Lipton,Colorado,303-800-5074
5567261748,"Pasta - Fettuccine, Egg, Fresh",Florida,904-276-4813
2729306900,Crab Meat Claw Pasteurise,North Carolina,336-805-0981
3034100698,Chinese Foods - Thick Noodles,Minnesota,763-585-9707
6397490246,"Pepsi, 355 Ml",Colorado,720-389-9171
9733275409,"Tomatoes - Vine Ripe, Yellow",Ohio,937-471-7661
3185794648,Gherkin,West Virginia,304-347-0377
6346233289,"Wine - Harrow Estates, Vidal",Colorado,719-117-1042
9117306620,Water - Green Tea Refresher,California,323-846-5228
2337909409,Dill Weed - Dry,California,707-578-5660
6951913595,Langers - Ruby Red Grapfruit,Connecticut,203-758-4002
5170911254,Otomegusa Dashi Konbu,New York,845-761-2745
3882082178,Onions - Pearl,Nebraska,402-519-9463
2747087158,"Champagne - Brights, Dry",Oregon,503-622-5500
8467290153,Sprouts Dikon,Georgia,404-588-6048
9823004579,Broccoli - Fresh,Florida,305-150-6259
7560265154,Apple - Northern Spy,Washington,360-341-3133
8651531680,"Sugar - Sweet N Low, Individual",Minnesota,218-248-9351
4642037853,"Yogurt - Banana, 175 Gr",Ohio,937-291-0516
4110788072,"Juice - Grape, White",California,510-854-1752
0916557014,English Muffin,North Carolina,704-813-4113
1596244631,Wine - Mondavi Coastal Private,Virginia,571-359-9732
5168993001,Sole - Iqf,Georgia,404-755-0445
7603805368,Squeeze Bottle,Texas,512-324-2331
9474844755,"Beets - Candy Cane, Organic",Iowa,515-179-8326
9018565830,Muffin - Banana Nut Individual,New York,585-719-0131
0869841556,Apricots - Halves,Texas,214-224-3372
6845121117,Crab Meat Claw Pasteurise,Minnesota,651-223-3596
6121392142,Syrup - Monin - Blue Curacao,Iowa,515-409-6585
8177902946,Persimmons,California,858-292-4417
8971229594,Versatainer Nc - 9388,Florida,904-685-4189
6072483593,Flour - Pastry,Nevada,775-240-7422
5472046521,Truffle Cups - White Paper,Illinois,312-668-0783
4609824590,Juice - Apple Cider,Florida,772-687-0384
7307618087,Cup - Translucent 7 Oz Clear,Indiana,317-343-1841
3519742187,Crab Meat Claw Pasteurise,Connecticut,203-582-8282
9456395936,French Pastry - Mini Chocolate,California,530-890-9650
8764955680,Chicken - Livers,Virginia,540-280-1707
9257742458,Muffin Hinge 117n,New Jersey,609-239-3360
4316591649,Apples - Spartan,Florida,954-821-2258
3123141888,Milk - Homo,Pennsylvania,814-669-3269
3152863918,"Beef - Kindney, Whole",Texas,915-678-2731
5362193643,Cheese - Colby,Virginia,540-901-3590
5984146991,"Beets - Candy Cane, Organic",New York,917-560-0097
5557720545,"Soup - Canadian Pea, Dry Mix",Connecticut,860-259-3957
1567039715,Wine - Chenin Blanc K.w.v.,North Carolina,704-646-6252
3615396294,Grand Marnier,California,510-202-7513
0501345086,Pepper - Green,California,909-172-1451
5552058879,Wine - Fino Tio Pepe Gonzalez,Indiana,765-850-0831
3060978204,Cheese - Gouda,Missouri,816-307-8943
7102783442,Versatainer Nc - 8288,Colorado,720-621-2554
8484317366,Food Colouring - Orange,Connecticut,860-473-3495
3901142940,"Wine - Magnotta - Red, Baco",California,408-870-6435
7056159176,"Soup - Campbells, Spinach Crm",Florida,727-697-1507
8303134493,Squash - Guords,Florida,904-690-9586
0388036273,"Chicken - Wings, Tip Off",Delaware,302-257-0138
4442576203,Veal - Eye Of Round,New York,315-288-3299
6382243027,Snapple - Iced Tea Peach,Florida,754-947-1061
3887040732,Nantucket Pine Orangebanana,North Carolina,910-558-9271
0316046906,"Schnappes - Peach, Walkers",Missouri,816-471-8833
8504528014,Table Cloth 54x72 White,Indiana,317-900-5238
7569485793,Ginger - Fresh,Kansas,316-496-8778
3169132695,Turkey - Ground. Lean,New York,212-772-5080
8630124164,Cheese - Comte,Kentucky,859-719-0935
4186371350,Wine - Baron De Rothschild,District of Columbia,202-984-7325
0949599514,Carbonated Water - Blackberry,New York,718-222-0657
6251879297,Crackers - Melba Toast,California,714-871-2743
0990722775,Hagen Daza - Dk Choocolate,Texas,512-126-1327
1791909558,Beer - Upper Canada Light,Connecticut,860-473-8356
1350725854,Marjoram - Fresh,Virginia,202-346-3676
2515359841,Milk - Chocolate 500ml,District of Columbia,202-623-1146
3676391969,Ice Cream - Turtles Stick Bar,Minnesota,763-609-8074
2999833784,Energy Drink,Missouri,314-825-2170
0521552559,"Chilli Paste, Sambal Oelek",Florida,813-341-9614
5278732040,Broccoli - Fresh,Colorado,719-594-2169
3098599383,Arrowroot,Pennsylvania,717-462-1041
5845410541,Wine - Alicanca Vinho Verde,Oklahoma,918-695-6375
9408980158,Gelatine Powder,North Dakota,701-332-0303
9341078679,Flour - Teff,Texas,210-249-9847
6547065537,Alize Red Passion,North Carolina,336-961-8874
1614491615,Berry Brulee,New York,212-781-1581
0433675993,"Pasta - Orzo, Dry",Florida,954-926-7732
2926900074,Beef - Striploin Aa,Florida,727-768-3346
4294504811,"Beans - Kidney, Canned",California,650-570-5413
1426643322,Beef - Tender Tips,New York,716-560-9648
1186436077,"Apple - Delicious, Red",California,949-352-1726
6860999268,Nantucket Orange Juice,California,714-410-1432
4396128312,"Shrimp - 16/20, Peeled Deviened",Texas,281-309-7751
9488109637,"Pasta - Detalini, White, Fresh",New York,518-399-1592
6358739425,Beer - Blue,Texas,214-497-9234
6253157760,Lemon Tarts,Texas,682-739-5559
6724738989,Anchovy Fillets,Texas,682-383-3081
6628155269,Cheese - Gouda Smoked,Georgia,912-193-8815
8577164578,Sprouts - Corn,Florida,305-102-2715
7119046187,Calypso - Strawberry Lemonade,Colorado,303-502-9277
1114483648,Brandy Cherry - Mcguinness,Pennsylvania,610-937-6039
7641294154,"Wine - Red, Mouton Cadet",Utah,435-120-9041
5655947994,Dikon,Oregon,971-125-3060
8298250478,"Yogurt - Peach, 175 Gr",California,323-834-2377
3906937534,Country Roll,West Virginia,304-431-6484
2989966978,"Pork - Back, Long Cut, Boneless",Nevada,702-136-2074
9030144203,"Tea - Darjeeling, Azzura",Ohio,216-277-9230
5057288563,Ocean Spray - Kiwi Strawberry,New York,607-654-8527
3852668298,Jolt Cola - Red Eye,Washington,425-851-8814
8870695328,"Gingerale - Schweppes, 355 Ml",Minnesota,763-615-8968
5617460560,"Beef - Chuck, Boneless",Oklahoma,405-790-9867
9819654238,"Radish - Black, Winter, Organic",Texas,214-494-4699
6397568393,Rabbit - Whole,Kentucky,859-851-7514
0954683056,Bread Roll Foccacia,North Carolina,704-507-8264
6432297966,"Juice - V8, Tomato",Wisconsin,920-117-3911
0109988507,Wine - Zinfandel California 2002,Florida,813-263-9735
0397109350,"Soup - Campbells, Cream Of",Kansas,785-497-8674
6669005938,Magnotta Bel Paese Red,Texas,915-452-0934
5918415246,Papayas,New York,716-904-4681
5194384041,"Mushroom - Oyster, Fresh",Iowa,515-797-1576
4315359203,Lettuce - Red Leaf,District of Columbia,202-743-3398
8056174079,Mousse - Mango,District of Columbia,202-589-0679
9711040425,"Coke - Classic, 355 Ml",Tennessee,615-181-1563
4545787681,Bread - Raisin,New York,212-183-4815
4978569427,Milk - Homo,Pennsylvania,215-822-5492
1395502056,Broom - Corn,North Carolina,828-587-3340
7864160638,Chocolate - Mi - Amere Semi,California,916-107-1783
6295039375,Danishes - Mini Raspberry,California,951-711-8075
9341809525,Graham Cracker Mix,Wisconsin,608-446-2040
6177553745,Beer - Camerons Cream Ale,California,510-790-6655
0418521123,Wine - Vovray Sec Domaine Huet,West Virginia,304-766-5376
6524199227,Black Currants,New York,212-669-2302
6219902424,Yoplait Drink,Maryland,301-183-4714
9520495010,Sausage - Breakfast,Michigan,810-487-3684
2896039066,Steam Pan Full Lid,Iowa,515-291-0755
4836539560,Wine - Duboeuf Beaujolais,Illinois,309-554-7432
6880794963,"Bread - Rolls, Rye",Colorado,970-811-3561
8778625637,Dc - Sakura Fu,Colorado,303-532-6309
5979268871,Sprouts - Brussel,Massachusetts,413-422-8223
6480610237,Garlic - Peeled,California,415-922-2778
6360931745,Mcgillicuddy Vanilla Schnap,California,916-471-9941
3088516825,Bread - Raisin,California,559-924-6390
7747857691,Bread - Crusty Italian Poly,Maryland,410-249-4592
0817766812,Fond - Neutral,Minnesota,507-773-0765
2449707263,"Chocolate - Semi Sweet, Calets",Illinois,773-289-7046
3145327941,"Pepper - White, Ground",California,415-435-8055
4544097541,Capon - Whole,Pennsylvania,215-403-1127
8723912634,Grenadillo,Louisiana,225-509-1928
9565335918,The Pop Shoppe Pinapple,California,415-178-5090
6885482293,Taro Root,North Carolina,919-230-0839
1159737541,"Cake Circle, Foil, Scallop",Illinois,312-813-8406
4879881058,Cabbage - Nappa,Alabama,334-105-1630
1054847185,Muffin Carrot - Individual,New York,585-992-6549
8398941170,Oil - Olive,Delaware,302-421-4230
5442478105,Bay Leaf Fresh,Florida,850-341-9476
2979354740,Butter Ripple - Phillips,North Carolina,704-237-2479
5300302953,Vinegar - Raspberry,Texas,903-243-5040
2651298530,Liners - Baking Cups,Colorado,303-817-3333
9264550194,Juice - Orangina,Louisiana,318-891-1030
1996773453,Pepper - Cubanelle,Virginia,434-185-0910
5805500965,"Pork - Loin, Bone - In",Texas,713-707-0392
0501881891,"Mushroom - Enoki, Fresh",New York,315-221-7169
4243151458,Cookies - Englishbay Wht,Utah,801-357-2333
8316569442,Oats Large Flake,Texas,281-812-6614
8034537063,Ice Cream - Turtles Stick Bar,Colorado,719-109-6867
0162409559,"Veal - Shank, Pieces",New Jersey,973-268-9964
8676658811,Capon - Whole,California,619-744-3505
1394864531,Cornstarch,Nevada,775-297-7615
0871202085,Cotton Wet Mop 16 Oz,Vermont,802-491-8623
3063486396,Vegetable - Base,Florida,850-856-4500
